placeholder_id,caminho,tipo,prioridade_anterior,prioridade_corrigida,capacidade,dominio,modulo,consumidores,dependencias,contratos,risco_financeiro,risco_regulatorio,risco_seguranca,risco_operacional,impacto_da_ausencia,bloqueia_capacidades,implementacao_equivalente,conflito_relacionado,source_material_relacionado,contexto_ausente,justificativa,confianca,status,aprovado_para_gate_5
15,governance/release/repository-root/CODEOWNERS,C,P1,P2,Indefinida,FUNDAÇÃO DO WORKSPACE,governance,A Mapear,A Mapear,Ausente,BAIXO,BAIXO,BAIXO,BAIXO,MEDIO,NAO,NAO,NAO,NAO,Todas as definições,Reclassificado,ALTA,BLOCKED_MISSING_CONTEXT,FALSE
18,governance/release/repository-root/Makefile,C,P1,P2,Indefinida,FUNDAÇÃO DO WORKSPACE,governance,A Mapear,A Mapear,Ausente,BAIXO,BAIXO,BAIXO,BAIXO,MEDIO,NAO,NAO,NAO,NAO,Todas as definições,Reclassificado,ALTA,BLOCKED_MISSING_CONTEXT,FALSE
22,governance/release/repository-root/Taskfile.yml,C,P1,P2,Indefinida,FUNDAÇÃO DO WORKSPACE,governance,A Mapear,A Mapear,Ausente,BAIXO,BAIXO,BAIXO,BAIXO,MEDIO,NAO,NAO,NAO,NAO,Todas as definições,Reclassificado,ALTA,BLOCKED_MISSING_CONTEXT,FALSE
36,apps/android/.tool-versions,C,P1,P2,android,CANAIS,apps,A Mapear,A Mapear,Ausente,BAIXO,BAIXO,BAIXO,BAIXO,MEDIO,NAO,NAO,NAO,NAO,Todas as definições,Reclassificado,ALTA,BLOCKED_MISSING_CONTEXT,FALSE
39,apps/android/CODEOWNERS,C,P1,P2,android,CANAIS,apps,A Mapear,A Mapear,Ausente,BAIXO,BAIXO,BAIXO,BAIXO,MEDIO,NAO,NAO,NAO,NAO,Todas as definições,Reclassificado,ALTA,BLOCKED_MISSING_CONTEXT,FALSE
355,apps/ios/.tool-versions,C,P1,P2,ios,CANAIS,apps,A Mapear,A Mapear,Ausente,BAIXO,BAIXO,BAIXO,BAIXO,MEDIO,NAO,NAO,NAO,NAO,Todas as definições,Reclassificado,ALTA,BLOCKED_MISSING_CONTEXT,FALSE
367,apps/ios/CODEOWNERS,C,P1,P2,ios,CANAIS,apps,A Mapear,A Mapear,Ausente,BAIXO,BAIXO,BAIXO,BAIXO,MEDIO,NAO,NAO,NAO,NAO,Todas as definições,Reclassificado,ALTA,BLOCKED_MISSING_CONTEXT,FALSE
603,apps/partner-developer-portal/.tool-versions,C,P3,P2,partner,CANAIS,apps,A Mapear,A Mapear,Ausente,BAIXO,BAIXO,BAIXO,BAIXO,MEDIO,NAO,NAO,NAO,NAO,Todas as definições,Reclassificado,ALTA,BLOCKED_MISSING_CONTEXT,FALSE
605,apps/partner-developer-portal/CODEOWNERS,C,P1,P2,partner,CANAIS,apps,A Mapear,A Mapear,Ausente,BAIXO,BAIXO,BAIXO,BAIXO,MEDIO,NAO,NAO,NAO,NAO,Todas as definições,Reclassificado,ALTA,BLOCKED_MISSING_CONTEXT,FALSE
681,apps/web-banking/.tool-versions,C,P1,P2,web,CANAIS,apps,A Mapear,A Mapear,Ausente,BAIXO,BAIXO,BAIXO,BAIXO,MEDIO,NAO,NAO,NAO,NAO,Todas as definições,Reclassificado,ALTA,BLOCKED_MISSING_CONTEXT,FALSE
684,apps/web-banking/CODEOWNERS,C,P1,P2,web,CANAIS,apps,A Mapear,A Mapear,Ausente,BAIXO,BAIXO,BAIXO,BAIXO,MEDIO,NAO,NAO,NAO,NAO,Todas as definições,Reclassificado,ALTA,BLOCKED_MISSING_CONTEXT,FALSE
1148,apps/windows-operations/.tool-versions,C,P1,P2,windows,CANAIS,apps,A Mapear,A Mapear,Ausente,BAIXO,BAIXO,BAIXO,BAIXO,MEDIO,NAO,NAO,NAO,NAO,Todas as definições,Reclassificado,ALTA,BLOCKED_MISSING_CONTEXT,FALSE
1154,apps/windows-operations/CODEOWNERS,C,P1,P2,windows,CANAIS,apps,A Mapear,A Mapear,Ausente,BAIXO,BAIXO,BAIXO,BAIXO,MEDIO,NAO,NAO,NAO,NAO,Todas as definições,Reclassificado,ALTA,BLOCKED_MISSING_CONTEXT,FALSE
1306,bff/mobile-bff/.tool-versions,C,P1,P2,bff,BFFs POR CANAL,bff,A Mapear,A Mapear,Ausente,BAIXO,BAIXO,BAIXO,BAIXO,MEDIO,NAO,NAO,NAO,NAO,Todas as definições,Reclassificado,ALTA,BLOCKED_MISSING_CONTEXT,FALSE
1308,bff/mobile-bff/CODEOWNERS,C,P1,P2,bff,BFFs POR CANAL,bff,A Mapear,A Mapear,Ausente,BAIXO,BAIXO,BAIXO,BAIXO,MEDIO,NAO,NAO,NAO,NAO,Todas as definições,Reclassificado,ALTA,BLOCKED_MISSING_CONTEXT,FALSE
1365,bff/open-finance-api/.tool-versions,C,P1,P2,bff,BFFs POR CANAL,bff,A Mapear,A Mapear,Ausente,BAIXO,BAIXO,BAIXO,BAIXO,MEDIO,NAO,NAO,NAO,NAO,Todas as definições,Reclassificado,ALTA,BLOCKED_MISSING_CONTEXT,FALSE
1367,bff/open-finance-api/CODEOWNERS,C,P1,P2,bff,BFFs POR CANAL,bff,A Mapear,A Mapear,Ausente,BAIXO,BAIXO,BAIXO,BAIXO,MEDIO,NAO,NAO,NAO,NAO,Todas as definições,Reclassificado,ALTA,BLOCKED_MISSING_CONTEXT,FALSE
1402,bff/operations-bff/.tool-versions,C,P1,P2,bff,BFFs POR CANAL,bff,A Mapear,A Mapear,Ausente,BAIXO,BAIXO,BAIXO,BAIXO,MEDIO,NAO,NAO,NAO,NAO,Todas as definições,Reclassificado,ALTA,BLOCKED_MISSING_CONTEXT,FALSE
1404,bff/operations-bff/CODEOWNERS,C,P1,P2,bff,BFFs POR CANAL,bff,A Mapear,A Mapear,Ausente,BAIXO,BAIXO,BAIXO,BAIXO,MEDIO,NAO,NAO,NAO,NAO,Todas as definições,Reclassificado,ALTA,BLOCKED_MISSING_CONTEXT,FALSE
1465,bff/partner-api-facade/.tool-versions,C,P1,P2,bff,BFFs POR CANAL,bff,A Mapear,A Mapear,Ausente,BAIXO,BAIXO,BAIXO,BAIXO,MEDIO,NAO,NAO,NAO,NAO,Todas as definições,Reclassificado,ALTA,BLOCKED_MISSING_CONTEXT,FALSE
1468,bff/partner-api-facade/CODEOWNERS,C,P1,P2,bff,BFFs POR CANAL,bff,A Mapear,A Mapear,Ausente,BAIXO,BAIXO,BAIXO,BAIXO,MEDIO,NAO,NAO,NAO,NAO,Todas as definições,Reclassificado,ALTA,BLOCKED_MISSING_CONTEXT,FALSE
1555,bff/web-bff/.tool-versions,C,P1,P2,bff,BFFs POR CANAL,bff,A Mapear,A Mapear,Ausente,BAIXO,BAIXO,BAIXO,BAIXO,MEDIO,NAO,NAO,NAO,NAO,Todas as definições,Reclassificado,ALTA,BLOCKED_MISSING_CONTEXT,FALSE
1557,bff/web-bff/CODEOWNERS,C,P1,P2,bff,BFFs POR CANAL,bff,A Mapear,A Mapear,Ausente,BAIXO,BAIXO,BAIXO,BAIXO,MEDIO,NAO,NAO,NAO,NAO,Todas as definições,Reclassificado,ALTA,BLOCKED_MISSING_CONTEXT,FALSE
1605,governance/release/repository-root/compose.yaml,C,P1,P2,aml,FUNDAÇÃO DO WORKSPACE,governance,A Mapear,A Mapear,Ausente,BAIXO,BAIXO,BAIXO,BAIXO,MEDIO,NAO,NAO,NAO,NAO,Todas as definições,Reclassificado,ALTA,BLOCKED_MISSING_CONTEXT,FALSE
1617,contracts/iso20022/adapters/.tool-versions,C,P3,P2,contract,CONTRATOS E MENSAGERIA FINANCEIRA,contracts,A Mapear,A Mapear,Ausente,BAIXO,BAIXO,BAIXO,BAIXO,MEDIO,NAO,NAO,NAO,NAO,Todas as definições,Reclassificado,ALTA,BLOCKED_MISSING_CONTEXT,FALSE
1619,contracts/iso20022/adapters/CODEOWNERS,C,P1,P2,contract,CONTRATOS E MENSAGERIA FINANCEIRA,contracts,A Mapear,A Mapear,Ausente,BAIXO,BAIXO,BAIXO,BAIXO,MEDIO,NAO,NAO,NAO,NAO,Todas as definições,Reclassificado,ALTA,BLOCKED_MISSING_CONTEXT,FALSE
1654,contracts/iso20022/mappings/.tool-versions,C,P3,P2,contract,CONTRATOS E MENSAGERIA FINANCEIRA,contracts,A Mapear,A Mapear,Ausente,BAIXO,BAIXO,BAIXO,BAIXO,MEDIO,NAO,NAO,NAO,NAO,Todas as definições,Reclassificado,ALTA,BLOCKED_MISSING_CONTEXT,FALSE
1656,contracts/iso20022/mappings/CODEOWNERS,C,P1,P2,contract,CONTRATOS E MENSAGERIA FINANCEIRA,contracts,A Mapear,A Mapear,Ausente,BAIXO,BAIXO,BAIXO,BAIXO,MEDIO,NAO,NAO,NAO,NAO,Todas as definições,Reclassificado,ALTA,BLOCKED_MISSING_CONTEXT,FALSE
1691,contracts/iso20022/messages/.tool-versions,C,P3,P2,contract,CONTRATOS E MENSAGERIA FINANCEIRA,contracts,A Mapear,A Mapear,Ausente,BAIXO,BAIXO,BAIXO,BAIXO,MEDIO,NAO,NAO,NAO,NAO,Todas as definições,Reclassificado,ALTA,BLOCKED_MISSING_CONTEXT,FALSE
1693,contracts/iso20022/messages/CODEOWNERS,C,P1,P2,contract,CONTRATOS E MENSAGERIA FINANCEIRA,contracts,A Mapear,A Mapear,Ausente,BAIXO,BAIXO,BAIXO,BAIXO,MEDIO,NAO,NAO,NAO,NAO,Todas as definições,Reclassificado,ALTA,BLOCKED_MISSING_CONTEXT,FALSE
1728,contracts/iso20022/schemas/.tool-versions,C,P3,P2,contract,CONTRATOS E MENSAGERIA FINANCEIRA,contracts,A Mapear,A Mapear,Ausente,BAIXO,BAIXO,BAIXO,BAIXO,MEDIO,NAO,NAO,NAO,NAO,Todas as definições,Reclassificado,ALTA,BLOCKED_MISSING_CONTEXT,FALSE
1730,contracts/iso20022/schemas/CODEOWNERS,C,P1,P2,contract,CONTRATOS E MENSAGERIA FINANCEIRA,contracts,A Mapear,A Mapear,Ausente,BAIXO,BAIXO,BAIXO,BAIXO,MEDIO,NAO,NAO,NAO,NAO,Todas as definições,Reclassificado,ALTA,BLOCKED_MISSING_CONTEXT,FALSE
1803,contracts/iso20022/validation/.tool-versions,C,P3,P2,contract,CONTRATOS E MENSAGERIA FINANCEIRA,contracts,A Mapear,A Mapear,Ausente,BAIXO,BAIXO,BAIXO,BAIXO,MEDIO,NAO,NAO,NAO,NAO,Todas as definições,Reclassificado,ALTA,BLOCKED_MISSING_CONTEXT,FALSE
1805,contracts/iso20022/validation/CODEOWNERS,C,P1,P2,contract,CONTRATOS E MENSAGERIA FINANCEIRA,contracts,A Mapear,A Mapear,Ausente,BAIXO,BAIXO,BAIXO,BAIXO,MEDIO,NAO,NAO,NAO,NAO,Todas as definições,Reclassificado,ALTA,BLOCKED_MISSING_CONTEXT,FALSE
1840,contracts/asyncapi/.tool-versions,C,P3,P2,contract,CONTRATOS E MODELOS,contracts,A Mapear,A Mapear,Ausente,BAIXO,BAIXO,BAIXO,BAIXO,MEDIO,NAO,NAO,NAO,NAO,Todas as definições,Reclassificado,ALTA,BLOCKED_MISSING_CONTEXT,FALSE
1842,contracts/asyncapi/CODEOWNERS,C,P1,P2,contract,CONTRATOS E MODELOS,contracts,A Mapear,A Mapear,Ausente,BAIXO,BAIXO,BAIXO,BAIXO,MEDIO,NAO,NAO,NAO,NAO,Todas as definições,Reclassificado,ALTA,BLOCKED_MISSING_CONTEXT,FALSE
1884,contracts/error-catalog/.tool-versions,C,P3,P2,contract,CONTRATOS E MODELOS,contracts,A Mapear,A Mapear,Ausente,BAIXO,BAIXO,BAIXO,BAIXO,MEDIO,NAO,NAO,NAO,NAO,Todas as definições,Reclassificado,ALTA,BLOCKED_MISSING_CONTEXT,FALSE
1886,contracts/error-catalog/CODEOWNERS,C,P1,P2,contract,CONTRATOS E MODELOS,contracts,A Mapear,A Mapear,Ausente,BAIXO,BAIXO,BAIXO,BAIXO,MEDIO,NAO,NAO,NAO,NAO,Todas as definições,Reclassificado,ALTA,BLOCKED_MISSING_CONTEXT,FALSE
1926,contracts/events/.tool-versions,C,P3,P2,contract,CONTRATOS E MODELOS,contracts,A Mapear,A Mapear,Ausente,BAIXO,BAIXO,BAIXO,BAIXO,MEDIO,NAO,NAO,NAO,NAO,Todas as definições,Reclassificado,ALTA,BLOCKED_MISSING_CONTEXT,FALSE
1928,contracts/events/CODEOWNERS,C,P1,P2,contract,CONTRATOS E MODELOS,contracts,A Mapear,A Mapear,Ausente,BAIXO,BAIXO,BAIXO,BAIXO,MEDIO,NAO,NAO,NAO,NAO,Todas as definições,Reclassificado,ALTA,BLOCKED_MISSING_CONTEXT,FALSE
1966,contracts/json-schema/.tool-versions,C,P3,P2,contract,CONTRATOS E MODELOS,contracts,A Mapear,A Mapear,Ausente,BAIXO,BAIXO,BAIXO,BAIXO,MEDIO,NAO,NAO,NAO,NAO,Todas as definições,Reclassificado,ALTA,BLOCKED_MISSING_CONTEXT,FALSE
1968,contracts/json-schema/CODEOWNERS,C,P1,P2,contract,CONTRATOS E MODELOS,contracts,A Mapear,A Mapear,Ausente,BAIXO,BAIXO,BAIXO,BAIXO,MEDIO,NAO,NAO,NAO,NAO,Todas as definições,Reclassificado,ALTA,BLOCKED_MISSING_CONTEXT,FALSE
2010,contracts/openapi/.tool-versions,C,P3,P2,contract,CONTRATOS E MODELOS,contracts,A Mapear,A Mapear,Ausente,BAIXO,BAIXO,BAIXO,BAIXO,MEDIO,NAO,NAO,NAO,NAO,Todas as definições,Reclassificado,ALTA,BLOCKED_MISSING_CONTEXT,FALSE
2012,contracts/openapi/CODEOWNERS,C,P1,P2,contract,CONTRATOS E MODELOS,contracts,A Mapear,A Mapear,Ausente,BAIXO,BAIXO,BAIXO,BAIXO,MEDIO,NAO,NAO,NAO,NAO,Todas as definições,Reclassificado,ALTA,BLOCKED_MISSING_CONTEXT,FALSE
2060,contracts/sdk/.tool-versions,C,P3,P2,contract,CONTRATOS E MODELOS,contracts,A Mapear,A Mapear,Ausente,BAIXO,BAIXO,BAIXO,BAIXO,MEDIO,NAO,NAO,NAO,NAO,Todas as definições,Reclassificado,ALTA,BLOCKED_MISSING_CONTEXT,FALSE
2097,design-system/android/.tool-versions,C,P1,P2,android,DESIGN SYSTEM MULTIPLATAFORMA,design-system,A Mapear,A Mapear,Ausente,BAIXO,BAIXO,BAIXO,BAIXO,MEDIO,NAO,NAO,NAO,NAO,Todas as definições,Reclassificado,ALTA,BLOCKED_MISSING_CONTEXT,FALSE
2099,design-system/android/CODEOWNERS,C,P1,P2,android,DESIGN SYSTEM MULTIPLATAFORMA,design-system,A Mapear,A Mapear,Ausente,BAIXO,BAIXO,BAIXO,BAIXO,MEDIO,NAO,NAO,NAO,NAO,Todas as definições,Reclassificado,ALTA,BLOCKED_MISSING_CONTEXT,FALSE
2134,design-system/documentation/.tool-versions,C,P3,P2,Indefinida,DESIGN SYSTEM MULTIPLATAFORMA,design-system,A Mapear,A Mapear,Ausente,BAIXO,BAIXO,BAIXO,BAIXO,MEDIO,NAO,NAO,NAO,NAO,Todas as definições,Reclassificado,ALTA,BLOCKED_MISSING_CONTEXT,FALSE
2136,design-system/documentation/CODEOWNERS,C,P1,P2,Indefinida,DESIGN SYSTEM MULTIPLATAFORMA,design-system,A Mapear,A Mapear,Ausente,BAIXO,BAIXO,BAIXO,BAIXO,MEDIO,NAO,NAO,NAO,NAO,Todas as definições,Reclassificado,ALTA,BLOCKED_MISSING_CONTEXT,FALSE
2172,design-system/ios/.tool-versions,C,P1,P2,ios,DESIGN SYSTEM MULTIPLATAFORMA,design-system,A Mapear,A Mapear,Ausente,BAIXO,BAIXO,BAIXO,BAIXO,MEDIO,NAO,NAO,NAO,NAO,Todas as definições,Reclassificado,ALTA,BLOCKED_MISSING_CONTEXT,FALSE
2174,design-system/ios/CODEOWNERS,C,P1,P2,ios,DESIGN SYSTEM MULTIPLATAFORMA,design-system,A Mapear,A Mapear,Ausente,BAIXO,BAIXO,BAIXO,BAIXO,MEDIO,NAO,NAO,NAO,NAO,Todas as definições,Reclassificado,ALTA,BLOCKED_MISSING_CONTEXT,FALSE
2209,design-system/tokens/.tool-versions,C,P3,P2,Indefinida,DESIGN SYSTEM MULTIPLATAFORMA,design-system,A Mapear,A Mapear,Ausente,BAIXO,BAIXO,BAIXO,BAIXO,MEDIO,NAO,NAO,NAO,NAO,Todas as definições,Reclassificado,ALTA,BLOCKED_MISSING_CONTEXT,FALSE
2211,design-system/tokens/CODEOWNERS,C,P1,P2,Indefinida,DESIGN SYSTEM MULTIPLATAFORMA,design-system,A Mapear,A Mapear,Ausente,BAIXO,BAIXO,BAIXO,BAIXO,MEDIO,NAO,NAO,NAO,NAO,Todas as definições,Reclassificado,ALTA,BLOCKED_MISSING_CONTEXT,FALSE
2260,design-system/web/.tool-versions,C,P3,P2,web,DESIGN SYSTEM MULTIPLATAFORMA,design-system,A Mapear,A Mapear,Ausente,BAIXO,BAIXO,BAIXO,BAIXO,MEDIO,NAO,NAO,NAO,NAO,Todas as definições,Reclassificado,ALTA,BLOCKED_MISSING_CONTEXT,FALSE
2262,design-system/web/CODEOWNERS,C,P1,P2,web,DESIGN SYSTEM MULTIPLATAFORMA,design-system,A Mapear,A Mapear,Ausente,BAIXO,BAIXO,BAIXO,BAIXO,MEDIO,NAO,NAO,NAO,NAO,Todas as definições,Reclassificado,ALTA,BLOCKED_MISSING_CONTEXT,FALSE
2343,design-system/windows/.tool-versions,C,P1,P2,windows,DESIGN SYSTEM MULTIPLATAFORMA,design-system,A Mapear,A Mapear,Ausente,BAIXO,BAIXO,BAIXO,BAIXO,MEDIO,NAO,NAO,NAO,NAO,Todas as definições,Reclassificado,ALTA,BLOCKED_MISSING_CONTEXT,FALSE
2345,design-system/windows/CODEOWNERS,C,P1,P2,windows,DESIGN SYSTEM MULTIPLATAFORMA,design-system,A Mapear,A Mapear,Ausente,BAIXO,BAIXO,BAIXO,BAIXO,MEDIO,NAO,NAO,NAO,NAO,Todas as definições,Reclassificado,ALTA,BLOCKED_MISSING_CONTEXT,FALSE
2405,domains/cosif/.tool-versions,C,P3,P2,Indefinida,CONTROLE E CONFIABILIDADE,domains,A Mapear,A Mapear,Ausente,BAIXO,BAIXO,BAIXO,BAIXO,MEDIO,NAO,NAO,NAO,NAO,Todas as definições,Reclassificado,ALTA,BLOCKED_MISSING_CONTEXT,FALSE
2407,domains/cosif/CODEOWNERS,C,P1,P2,Indefinida,CONTROLE E CONFIABILIDADE,domains,A Mapear,A Mapear,Ausente,BAIXO,BAIXO,BAIXO,BAIXO,MEDIO,NAO,NAO,NAO,NAO,Todas as definições,Reclassificado,ALTA,BLOCKED_MISSING_CONTEXT,FALSE
2542,domains/aml/.tool-versions,C,P1,P2,aml,CONTROLE E CONFIABILIDADE,domains,A Mapear,A Mapear,Ausente,BAIXO,BAIXO,BAIXO,BAIXO,MEDIO,NAO,NAO,NAO,NAO,Todas as definições,Reclassificado,ALTA,BLOCKED_MISSING_CONTEXT,FALSE
2544,domains/aml/CODEOWNERS,C,P1,P2,aml,CONTROLE E CONFIABILIDADE,domains,A Mapear,A Mapear,Ausente,BAIXO,BAIXO,BAIXO,BAIXO,MEDIO,NAO,NAO,NAO,NAO,Todas as definições,Reclassificado,ALTA,BLOCKED_MISSING_CONTEXT,FALSE
2603,governance/audit/.tool-versions,C,P3,P2,audit,"CONTROLE, AUDITORIA E REGULATÓRIO",governance,A Mapear,A Mapear,Ausente,BAIXO,BAIXO,BAIXO,BAIXO,MEDIO,NAO,NAO,NAO,NAO,Todas as definições,Reclassificado,ALTA,BLOCKED_MISSING_CONTEXT,FALSE
2605,governance/audit/CODEOWNERS,C,P1,P2,audit,"CONTROLE, AUDITORIA E REGULATÓRIO",governance,A Mapear,A Mapear,Ausente,BAIXO,BAIXO,BAIXO,BAIXO,MEDIO,NAO,NAO,NAO,NAO,Todas as definições,Reclassificado,ALTA,BLOCKED_MISSING_CONTEXT,FALSE
2642,domains/balance/.tool-versions,C,P3,P2,Indefinida,SERVIÇOS DE DOMÍNIO,domains,A Mapear,A Mapear,Ausente,BAIXO,BAIXO,BAIXO,BAIXO,MEDIO,NAO,NAO,NAO,NAO,Todas as definições,Reclassificado,ALTA,BLOCKED_MISSING_CONTEXT,FALSE
2644,domains/balance/CODEOWNERS,C,P1,P2,Indefinida,SERVIÇOS DE DOMÍNIO,domains,A Mapear,A Mapear,Ausente,BAIXO,BAIXO,BAIXO,BAIXO,MEDIO,NAO,NAO,NAO,NAO,Todas as definições,Reclassificado,ALTA,BLOCKED_MISSING_CONTEXT,FALSE
2716,domains/card-clearing/.tool-versions,C,P3,P2,Indefinida,SERVIÇOS DE DOMÍNIO,domains,A Mapear,A Mapear,Ausente,BAIXO,BAIXO,BAIXO,BAIXO,MEDIO,NAO,NAO,NAO,NAO,Todas as definições,Reclassificado,ALTA,BLOCKED_MISSING_CONTEXT,FALSE
2718,domains/card-clearing/CODEOWNERS,C,P1,P2,Indefinida,SERVIÇOS DE DOMÍNIO,domains,A Mapear,A Mapear,Ausente,BAIXO,BAIXO,BAIXO,BAIXO,MEDIO,NAO,NAO,NAO,NAO,Todas as definições,Reclassificado,ALTA,BLOCKED_MISSING_CONTEXT,FALSE
2753,domains/cards/.tool-versions,C,P3,P2,Indefinida,SERVIÇOS DE DOMÍNIO,domains,A Mapear,A Mapear,Ausente,BAIXO,BAIXO,BAIXO,BAIXO,MEDIO,NAO,NAO,NAO,NAO,Todas as definições,Reclassificado,ALTA,BLOCKED_MISSING_CONTEXT,FALSE
2755,domains/cards/CODEOWNERS,C,P1,P2,Indefinida,SERVIÇOS DE DOMÍNIO,domains,A Mapear,A Mapear,Ausente,BAIXO,BAIXO,BAIXO,BAIXO,MEDIO,NAO,NAO,NAO,NAO,Todas as definições,Reclassificado,ALTA,BLOCKED_MISSING_CONTEXT,FALSE
2815,domains/case-management/.tool-versions,C,P3,P2,Indefinida,CONTROLE E CONFIABILIDADE,domains,A Mapear,A Mapear,Ausente,BAIXO,BAIXO,BAIXO,BAIXO,MEDIO,NAO,NAO,NAO,NAO,Todas as definições,Reclassificado,ALTA,BLOCKED_MISSING_CONTEXT,FALSE
2817,domains/case-management/CODEOWNERS,C,P1,P2,Indefinida,CONTROLE E CONFIABILIDADE,domains,A Mapear,A Mapear,Ausente,BAIXO,BAIXO,BAIXO,BAIXO,MEDIO,NAO,NAO,NAO,NAO,Todas as definições,Reclassificado,ALTA,BLOCKED_MISSING_CONTEXT,FALSE
2852,domains/consents/.tool-versions,C,P3,P2,Indefinida,SERVIÇOS DE DOMÍNIO,domains,A Mapear,A Mapear,Ausente,BAIXO,BAIXO,BAIXO,BAIXO,MEDIO,NAO,NAO,NAO,NAO,Todas as definições,Reclassificado,ALTA,BLOCKED_MISSING_CONTEXT,FALSE
2854,domains/consents/CODEOWNERS,C,P1,P2,Indefinida,SERVIÇOS DE DOMÍNIO,domains,A Mapear,A Mapear,Ausente,BAIXO,BAIXO,BAIXO,BAIXO,MEDIO,NAO,NAO,NAO,NAO,Todas as definições,Reclassificado,ALTA,BLOCKED_MISSING_CONTEXT,FALSE
2889,domains/credit-decision/.tool-versions,C,P3,P2,ci,SERVIÇOS DE DOMÍNIO,domains,A Mapear,A Mapear,Ausente,BAIXO,BAIXO,BAIXO,BAIXO,MEDIO,NAO,NAO,NAO,NAO,Todas as definições,Reclassificado,ALTA,BLOCKED_MISSING_CONTEXT,FALSE
2891,domains/credit-decision/CODEOWNERS,C,P1,P2,ci,SERVIÇOS DE DOMÍNIO,domains,A Mapear,A Mapear,Ausente,BAIXO,BAIXO,BAIXO,BAIXO,MEDIO,NAO,NAO,NAO,NAO,Todas as definições,Reclassificado,ALTA,BLOCKED_MISSING_CONTEXT,FALSE
2926,domains/credit-origination/.tool-versions,C,P3,P2,Indefinida,SERVIÇOS DE DOMÍNIO,domains,A Mapear,A Mapear,Ausente,BAIXO,BAIXO,BAIXO,BAIXO,MEDIO,NAO,NAO,NAO,NAO,Todas as definições,Reclassificado,ALTA,BLOCKED_MISSING_CONTEXT,FALSE
2928,domains/credit-origination/CODEOWNERS,C,P1,P2,Indefinida,SERVIÇOS DE DOMÍNIO,domains,A Mapear,A Mapear,Ausente,BAIXO,BAIXO,BAIXO,BAIXO,MEDIO,NAO,NAO,NAO,NAO,Todas as definições,Reclassificado,ALTA,BLOCKED_MISSING_CONTEXT,FALSE
2963,domains/credit/.tool-versions,C,P3,P2,Indefinida,CONTROLE E CONFIABILIDADE,domains,A Mapear,A Mapear,Ausente,BAIXO,BAIXO,BAIXO,BAIXO,MEDIO,NAO,NAO,NAO,NAO,Todas as definições,Reclassificado,ALTA,BLOCKED_MISSING_CONTEXT,FALSE
2965,domains/credit/CODEOWNERS,C,P1,P2,Indefinida,CONTROLE E CONFIABILIDADE,domains,A Mapear,A Mapear,Ausente,BAIXO,BAIXO,BAIXO,BAIXO,MEDIO,NAO,NAO,NAO,NAO,Todas as definições,Reclassificado,ALTA,BLOCKED_MISSING_CONTEXT,FALSE
3022,domains/custody-positions/.tool-versions,C,P3,P2,Indefinida,SERVIÇOS DE DOMÍNIO,domains,A Mapear,A Mapear,Ausente,BAIXO,BAIXO,BAIXO,BAIXO,MEDIO,NAO,NAO,NAO,NAO,Todas as definições,Reclassificado,ALTA,BLOCKED_MISSING_CONTEXT,FALSE
3024,domains/custody-positions/CODEOWNERS,C,P1,P2,Indefinida,SERVIÇOS DE DOMÍNIO,domains,A Mapear,A Mapear,Ausente,BAIXO,BAIXO,BAIXO,BAIXO,MEDIO,NAO,NAO,NAO,NAO,Todas as definições,Reclassificado,ALTA,BLOCKED_MISSING_CONTEXT,FALSE
3172,domains/device-trust/.tool-versions,C,P3,P2,Indefinida,SERVIÇOS DE DOMÍNIO,domains,A Mapear,A Mapear,Ausente,BAIXO,BAIXO,BAIXO,BAIXO,MEDIO,NAO,NAO,NAO,NAO,Todas as definições,Reclassificado,ALTA,BLOCKED_MISSING_CONTEXT,FALSE
3174,domains/device-trust/CODEOWNERS,C,P1,P2,Indefinida,SERVIÇOS DE DOMÍNIO,domains,A Mapear,A Mapear,Ausente,BAIXO,BAIXO,BAIXO,BAIXO,MEDIO,NAO,NAO,NAO,NAO,Todas as definições,Reclassificado,ALTA,BLOCKED_MISSING_CONTEXT,FALSE
3209,domains/disputes/.tool-versions,C,P3,P2,Indefinida,SERVIÇOS DE DOMÍNIO,domains,A Mapear,A Mapear,Ausente,BAIXO,BAIXO,BAIXO,BAIXO,MEDIO,NAO,NAO,NAO,NAO,Todas as definições,Reclassificado,ALTA,BLOCKED_MISSING_CONTEXT,FALSE
3211,domains/disputes/CODEOWNERS,C,P1,P2,Indefinida,SERVIÇOS DE DOMÍNIO,domains,A Mapear,A Mapear,Ausente,BAIXO,BAIXO,BAIXO,BAIXO,MEDIO,NAO,NAO,NAO,NAO,Todas as definições,Reclassificado,ALTA,BLOCKED_MISSING_CONTEXT,FALSE
3246,domains/documents/.tool-versions,C,P3,P2,Indefinida,SERVIÇOS DE DOMÍNIO,domains,A Mapear,A Mapear,Ausente,BAIXO,BAIXO,BAIXO,BAIXO,MEDIO,NAO,NAO,NAO,NAO,Todas as definições,Reclassificado,ALTA,BLOCKED_MISSING_CONTEXT,FALSE
3248,domains/documents/CODEOWNERS,C,P1,P2,Indefinida,SERVIÇOS DE DOMÍNIO,domains,A Mapear,A Mapear,Ausente,BAIXO,BAIXO,BAIXO,BAIXO,MEDIO,NAO,NAO,NAO,NAO,Todas as definições,Reclassificado,ALTA,BLOCKED_MISSING_CONTEXT,FALSE
3283,domains/fees/.tool-versions,C,P3,P2,Indefinida,SERVIÇOS DE DOMÍNIO,domains,A Mapear,A Mapear,Ausente,BAIXO,BAIXO,BAIXO,BAIXO,MEDIO,NAO,NAO,NAO,NAO,Todas as definições,Reclassificado,ALTA,BLOCKED_MISSING_CONTEXT,FALSE
3285,domains/fees/CODEOWNERS,C,P1,P2,Indefinida,SERVIÇOS DE DOMÍNIO,domains,A Mapear,A Mapear,Ausente,BAIXO,BAIXO,BAIXO,BAIXO,MEDIO,NAO,NAO,NAO,NAO,Todas as definições,Reclassificado,ALTA,BLOCKED_MISSING_CONTEXT,FALSE
3333,domains/fraud/.tool-versions,C,P1,P2,fraud,CONTROLE E CONFIABILIDADE,domains,A Mapear,A Mapear,Ausente,BAIXO,BAIXO,BAIXO,BAIXO,MEDIO,NAO,NAO,NAO,NAO,Todas as definições,Reclassificado,ALTA,BLOCKED_MISSING_CONTEXT,FALSE
3335,domains/fraud/CODEOWNERS,C,P1,P2,fraud,CONTROLE E CONFIABILIDADE,domains,A Mapear,A Mapear,Ausente,BAIXO,BAIXO,BAIXO,BAIXO,MEDIO,NAO,NAO,NAO,NAO,Todas as definições,Reclassificado,ALTA,BLOCKED_MISSING_CONTEXT,FALSE
3388,domains/fx/.tool-versions,C,P3,P2,Indefinida,SERVIÇOS DE DOMÍNIO,domains,A Mapear,A Mapear,Ausente,BAIXO,BAIXO,BAIXO,BAIXO,MEDIO,NAO,NAO,NAO,NAO,Todas as definições,Reclassificado,ALTA,BLOCKED_MISSING_CONTEXT,FALSE
3390,domains/fx/CODEOWNERS,C,P1,P2,Indefinida,SERVIÇOS DE DOMÍNIO,domains,A Mapear,A Mapear,Ausente,BAIXO,BAIXO,BAIXO,BAIXO,MEDIO,NAO,NAO,NAO,NAO,Todas as definições,Reclassificado,ALTA,BLOCKED_MISSING_CONTEXT,FALSE
3461,domains/kyc/.tool-versions,C,P1,P2,kyc,CONTROLE E CONFIABILIDADE,domains,A Mapear,A Mapear,Ausente,BAIXO,BAIXO,BAIXO,BAIXO,MEDIO,NAO,NAO,NAO,NAO,Todas as definições,Reclassificado,ALTA,BLOCKED_MISSING_CONTEXT,FALSE
3463,domains/kyc/CODEOWNERS,C,P1,P2,kyc,CONTROLE E CONFIABILIDADE,domains,A Mapear,A Mapear,Ausente,BAIXO,BAIXO,BAIXO,BAIXO,MEDIO,NAO,NAO,NAO,NAO,Todas as definições,Reclassificado,ALTA,BLOCKED_MISSING_CONTEXT,FALSE
3548,domains/investment-orders/.tool-versions,C,P3,P2,Indefinida,SERVIÇOS DE DOMÍNIO,domains,A Mapear,A Mapear,Ausente,BAIXO,BAIXO,BAIXO,BAIXO,MEDIO,NAO,NAO,NAO,NAO,Todas as definições,Reclassificado,ALTA,BLOCKED_MISSING_CONTEXT,FALSE
3550,domains/investment-orders/CODEOWNERS,C,P1,P2,Indefinida,SERVIÇOS DE DOMÍNIO,domains,A Mapear,A Mapear,Ausente,BAIXO,BAIXO,BAIXO,BAIXO,MEDIO,NAO,NAO,NAO,NAO,Todas as definições,Reclassificado,ALTA,BLOCKED_MISSING_CONTEXT,FALSE
3613,domains/invoices/.tool-versions,C,P3,P2,Indefinida,SERVIÇOS DE DOMÍNIO,domains,A Mapear,A Mapear,Ausente,BAIXO,BAIXO,BAIXO,BAIXO,MEDIO,NAO,NAO,NAO,NAO,Todas as definições,Reclassificado,ALTA,BLOCKED_MISSING_CONTEXT,FALSE
3615,domains/invoices/CODEOWNERS,C,P1,P2,Indefinida,SERVIÇOS DE DOMÍNIO,domains,A Mapear,A Mapear,Ausente,BAIXO,BAIXO,BAIXO,BAIXO,MEDIO,NAO,NAO,NAO,NAO,Todas as definições,Reclassificado,ALTA,BLOCKED_MISSING_CONTEXT,FALSE
3761,domains/limits/.tool-versions,C,P3,P2,Indefinida,SERVIÇOS DE DOMÍNIO,domains,A Mapear,A Mapear,Ausente,BAIXO,BAIXO,BAIXO,BAIXO,MEDIO,NAO,NAO,NAO,NAO,Todas as definições,Reclassificado,ALTA,BLOCKED_MISSING_CONTEXT,FALSE
3763,domains/limits/CODEOWNERS,C,P1,P2,Indefinida,SERVIÇOS DE DOMÍNIO,domains,A Mapear,A Mapear,Ausente,BAIXO,BAIXO,BAIXO,BAIXO,MEDIO,NAO,NAO,NAO,NAO,Todas as definições,Reclassificado,ALTA,BLOCKED_MISSING_CONTEXT,FALSE
3811,domains/loan-servicing/.tool-versions,C,P3,P2,ci,SERVIÇOS DE DOMÍNIO,domains,A Mapear,A Mapear,Ausente,BAIXO,BAIXO,BAIXO,BAIXO,MEDIO,NAO,NAO,NAO,NAO,Todas as definições,Reclassificado,ALTA,BLOCKED_MISSING_CONTEXT,FALSE
3813,domains/loan-servicing/CODEOWNERS,C,P1,P2,ci,SERVIÇOS DE DOMÍNIO,domains,A Mapear,A Mapear,Ausente,BAIXO,BAIXO,BAIXO,BAIXO,MEDIO,NAO,NAO,NAO,NAO,Todas as definições,Reclassificado,ALTA,BLOCKED_MISSING_CONTEXT,FALSE
3848,domains/notifications/.tool-versions,C,P3,P2,notification,SERVIÇOS DE DOMÍNIO,domains,A Mapear,A Mapear,Ausente,BAIXO,BAIXO,BAIXO,BAIXO,MEDIO,NAO,NAO,NAO,NAO,Todas as definições,Reclassificado,ALTA,BLOCKED_MISSING_CONTEXT,FALSE
3850,domains/notifications/CODEOWNERS,C,P1,P2,notification,SERVIÇOS DE DOMÍNIO,domains,A Mapear,A Mapear,Ausente,BAIXO,BAIXO,BAIXO,BAIXO,MEDIO,NAO,NAO,NAO,NAO,Todas as definições,Reclassificado,ALTA,BLOCKED_MISSING_CONTEXT,FALSE
3903,domains/onboarding/.tool-versions,C,P3,P2,Indefinida,SERVIÇOS DE DOMÍNIO,domains,A Mapear,A Mapear,Ausente,BAIXO,BAIXO,BAIXO,BAIXO,MEDIO,NAO,NAO,NAO,NAO,Todas as definições,Reclassificado,ALTA,BLOCKED_MISSING_CONTEXT,FALSE
3905,domains/onboarding/CODEOWNERS,C,P1,P2,Indefinida,SERVIÇOS DE DOMÍNIO,domains,A Mapear,A Mapear,Ausente,BAIXO,BAIXO,BAIXO,BAIXO,MEDIO,NAO,NAO,NAO,NAO,Todas as definições,Reclassificado,ALTA,BLOCKED_MISSING_CONTEXT,FALSE
4088,domains/product-catalog/.tool-versions,C,P3,P2,Indefinida,SERVIÇOS DE DOMÍNIO,domains,A Mapear,A Mapear,Ausente,BAIXO,BAIXO,BAIXO,BAIXO,MEDIO,NAO,NAO,NAO,NAO,Todas as definições,Reclassificado,ALTA,BLOCKED_MISSING_CONTEXT,FALSE
4090,domains/product-catalog/CODEOWNERS,C,P1,P2,Indefinida,SERVIÇOS DE DOMÍNIO,domains,A Mapear,A Mapear,Ausente,BAIXO,BAIXO,BAIXO,BAIXO,MEDIO,NAO,NAO,NAO,NAO,Todas as definições,Reclassificado,ALTA,BLOCKED_MISSING_CONTEXT,FALSE
4183,governance/regulatory-reporting/.tool-versions,C,P3,P2,Indefinida,"CONTROLE, AUDITORIA E REGULATÓRIO",governance,A Mapear,A Mapear,Ausente,BAIXO,BAIXO,BAIXO,BAIXO,MEDIO,NAO,NAO,NAO,NAO,Todas as definições,Reclassificado,ALTA,BLOCKED_MISSING_CONTEXT,FALSE
4220,domains/sanctions/.tool-versions,C,P3,P2,Indefinida,CONTROLE E CONFIABILIDADE,domains,A Mapear,A Mapear,Ausente,BAIXO,BAIXO,BAIXO,BAIXO,MEDIO,NAO,NAO,NAO,NAO,Todas as definições,Reclassificado,ALTA,BLOCKED_MISSING_CONTEXT,FALSE
4222,domains/sanctions/CODEOWNERS,C,P1,P2,Indefinida,CONTROLE E CONFIABILIDADE,domains,A Mapear,A Mapear,Ausente,BAIXO,BAIXO,BAIXO,BAIXO,MEDIO,NAO,NAO,NAO,NAO,Todas as definições,Reclassificado,ALTA,BLOCKED_MISSING_CONTEXT,FALSE
4257,domains/session/.tool-versions,C,P3,P2,Indefinida,SERVIÇOS DE DOMÍNIO,domains,A Mapear,A Mapear,Ausente,BAIXO,BAIXO,BAIXO,BAIXO,MEDIO,NAO,NAO,NAO,NAO,Todas as definições,Reclassificado,ALTA,BLOCKED_MISSING_CONTEXT,FALSE
4259,domains/session/CODEOWNERS,C,P1,P2,Indefinida,SERVIÇOS DE DOMÍNIO,domains,A Mapear,A Mapear,Ausente,BAIXO,BAIXO,BAIXO,BAIXO,MEDIO,NAO,NAO,NAO,NAO,Todas as definições,Reclassificado,ALTA,BLOCKED_MISSING_CONTEXT,FALSE
4295,domains/statements/.tool-versions,C,P3,P2,Indefinida,SERVIÇOS DE DOMÍNIO,domains,A Mapear,A Mapear,Ausente,BAIXO,BAIXO,BAIXO,BAIXO,MEDIO,NAO,NAO,NAO,NAO,Todas as definições,Reclassificado,ALTA,BLOCKED_MISSING_CONTEXT,FALSE
4297,domains/statements/CODEOWNERS,C,P1,P2,Indefinida,SERVIÇOS DE DOMÍNIO,domains,A Mapear,A Mapear,Ausente,BAIXO,BAIXO,BAIXO,BAIXO,MEDIO,NAO,NAO,NAO,NAO,Todas as definições,Reclassificado,ALTA,BLOCKED_MISSING_CONTEXT,FALSE
5036,governance/policies/engineering/.tool-versions,C,P3,P2,ci,GOVERNANÇA,governance,A Mapear,A Mapear,Ausente,BAIXO,BAIXO,BAIXO,BAIXO,MEDIO,NAO,NAO,NAO,NAO,Todas as definições,Reclassificado,ALTA,BLOCKED_MISSING_CONTEXT,FALSE
5079,governance/architecture/.tool-versions,C,P3,P2,Indefinida,GOVERNANÇA,governance,A Mapear,A Mapear,Ausente,BAIXO,BAIXO,BAIXO,BAIXO,MEDIO,NAO,NAO,NAO,NAO,Todas as definições,Reclassificado,ALTA,BLOCKED_MISSING_CONTEXT,FALSE
5081,governance/architecture/CODEOWNERS,C,P1,P2,Indefinida,GOVERNANÇA,governance,A Mapear,A Mapear,Ausente,BAIXO,BAIXO,BAIXO,BAIXO,MEDIO,NAO,NAO,NAO,NAO,Todas as definições,Reclassificado,ALTA,BLOCKED_MISSING_CONTEXT,FALSE
5135,governance/product/.tool-versions,C,P3,P2,Indefinida,GOVERNANÇA,governance,A Mapear,A Mapear,Ausente,BAIXO,BAIXO,BAIXO,BAIXO,MEDIO,NAO,NAO,NAO,NAO,Todas as definições,Reclassificado,ALTA,BLOCKED_MISSING_CONTEXT,FALSE
5137,governance/product/CODEOWNERS,C,P1,P2,Indefinida,GOVERNANÇA,governance,A Mapear,A Mapear,Ausente,BAIXO,BAIXO,BAIXO,BAIXO,MEDIO,NAO,NAO,NAO,NAO,Todas as definições,Reclassificado,ALTA,BLOCKED_MISSING_CONTEXT,FALSE
5472,governance/regulatory/aml/.tool-versions,C,P1,P2,aml,GOVERNANÇA REGULATÓRIA,governance,A Mapear,A Mapear,Ausente,BAIXO,BAIXO,BAIXO,BAIXO,MEDIO,NAO,NAO,NAO,NAO,Todas as definições,Reclassificado,ALTA,BLOCKED_MISSING_CONTEXT,FALSE
5474,governance/regulatory/aml/CODEOWNERS,C,P1,P2,aml,GOVERNANÇA REGULATÓRIA,governance,A Mapear,A Mapear,Ausente,BAIXO,BAIXO,BAIXO,BAIXO,MEDIO,NAO,NAO,NAO,NAO,Todas as definições,Reclassificado,ALTA,BLOCKED_MISSING_CONTEXT,FALSE
5510,governance/regulatory/card-pci/.tool-versions,C,P3,P2,ci,GOVERNANÇA REGULATÓRIA,governance,A Mapear,A Mapear,Ausente,BAIXO,BAIXO,BAIXO,BAIXO,MEDIO,NAO,NAO,NAO,NAO,Todas as definições,Reclassificado,ALTA,BLOCKED_MISSING_CONTEXT,FALSE
5512,governance/regulatory/card-pci/CODEOWNERS,C,P1,P2,ci,GOVERNANÇA REGULATÓRIA,governance,A Mapear,A Mapear,Ausente,BAIXO,BAIXO,BAIXO,BAIXO,MEDIO,NAO,NAO,NAO,NAO,Todas as definições,Reclassificado,ALTA,BLOCKED_MISSING_CONTEXT,FALSE
5548,governance/regulatory/cloud-outsourcing/.tool-versions,C,P3,P2,ci,GOVERNANÇA REGULATÓRIA,governance,A Mapear,A Mapear,Ausente,BAIXO,BAIXO,BAIXO,BAIXO,MEDIO,NAO,NAO,NAO,NAO,Todas as definições,Reclassificado,ALTA,BLOCKED_MISSING_CONTEXT,FALSE
5586,governance/regulatory/cosif/.tool-versions,C,P3,P2,Indefinida,GOVERNANÇA REGULATÓRIA,governance,A Mapear,A Mapear,Ausente,BAIXO,BAIXO,BAIXO,BAIXO,MEDIO,NAO,NAO,NAO,NAO,Todas as definições,Reclassificado,ALTA,BLOCKED_MISSING_CONTEXT,FALSE
5588,governance/regulatory/cosif/CODEOWNERS,C,P1,P2,Indefinida,GOVERNANÇA REGULATÓRIA,governance,A Mapear,A Mapear,Ausente,BAIXO,BAIXO,BAIXO,BAIXO,MEDIO,NAO,NAO,NAO,NAO,Todas as definições,Reclassificado,ALTA,BLOCKED_MISSING_CONTEXT,FALSE
5624,governance/regulatory/cvm/.tool-versions,C,P3,P2,Indefinida,GOVERNANÇA REGULATÓRIA,governance,A Mapear,A Mapear,Ausente,BAIXO,BAIXO,BAIXO,BAIXO,MEDIO,NAO,NAO,NAO,NAO,Todas as definições,Reclassificado,ALTA,BLOCKED_MISSING_CONTEXT,FALSE
5626,governance/regulatory/cvm/CODEOWNERS,C,P1,P2,Indefinida,GOVERNANÇA REGULATÓRIA,governance,A Mapear,A Mapear,Ausente,BAIXO,BAIXO,BAIXO,BAIXO,MEDIO,NAO,NAO,NAO,NAO,Todas as definições,Reclassificado,ALTA,BLOCKED_MISSING_CONTEXT,FALSE
5700,governance/regulatory/lgpd/.tool-versions,C,P3,P2,Indefinida,GOVERNANÇA REGULATÓRIA,governance,A Mapear,A Mapear,Ausente,BAIXO,BAIXO,BAIXO,BAIXO,MEDIO,NAO,NAO,NAO,NAO,Todas as definições,Reclassificado,ALTA,BLOCKED_MISSING_CONTEXT,FALSE
5702,governance/regulatory/lgpd/CODEOWNERS,C,P1,P2,Indefinida,GOVERNANÇA REGULATÓRIA,governance,A Mapear,A Mapear,Ausente,BAIXO,BAIXO,BAIXO,BAIXO,MEDIO,NAO,NAO,NAO,NAO,Todas as definições,Reclassificado,ALTA,BLOCKED_MISSING_CONTEXT,FALSE
5740,governance/regulatory/open-finance/.tool-versions,C,P3,P2,Indefinida,GOVERNANÇA REGULATÓRIA,governance,A Mapear,A Mapear,Ausente,BAIXO,BAIXO,BAIXO,BAIXO,MEDIO,NAO,NAO,NAO,NAO,Todas as definições,Reclassificado,ALTA,BLOCKED_MISSING_CONTEXT,FALSE
5816,governance/regulatory/reporting/.tool-versions,C,P3,P2,Indefinida,GOVERNANÇA REGULATÓRIA,governance,A Mapear,A Mapear,Ausente,BAIXO,BAIXO,BAIXO,BAIXO,MEDIO,NAO,NAO,NAO,NAO,Todas as definições,Reclassificado,ALTA,BLOCKED_MISSING_CONTEXT,FALSE
5854,governance/regulatory/sisbacen/.tool-versions,C,P3,P2,Indefinida,GOVERNANÇA REGULATÓRIA,governance,A Mapear,A Mapear,Ausente,BAIXO,BAIXO,BAIXO,BAIXO,MEDIO,NAO,NAO,NAO,NAO,Todas as definições,Reclassificado,ALTA,BLOCKED_MISSING_CONTEXT,FALSE
5856,governance/regulatory/sisbacen/CODEOWNERS,C,P1,P2,Indefinida,GOVERNANÇA REGULATÓRIA,governance,A Mapear,A Mapear,Ausente,BAIXO,BAIXO,BAIXO,BAIXO,MEDIO,NAO,NAO,NAO,NAO,Todas as definições,Reclassificado,ALTA,BLOCKED_MISSING_CONTEXT,FALSE
5892,governance/regulatory/sisorf/.tool-versions,C,P3,P2,Indefinida,GOVERNANÇA REGULATÓRIA,governance,A Mapear,A Mapear,Ausente,BAIXO,BAIXO,BAIXO,BAIXO,MEDIO,NAO,NAO,NAO,NAO,Todas as definições,Reclassificado,ALTA,BLOCKED_MISSING_CONTEXT,FALSE
5894,governance/regulatory/sisorf/CODEOWNERS,C,P1,P2,Indefinida,GOVERNANÇA REGULATÓRIA,governance,A Mapear,A Mapear,Ausente,BAIXO,BAIXO,BAIXO,BAIXO,MEDIO,NAO,NAO,NAO,NAO,Todas as definições,Reclassificado,ALTA,BLOCKED_MISSING_CONTEXT,FALSE
5930,governance/regulatory/susep/.tool-versions,C,P3,P2,Indefinida,GOVERNANÇA REGULATÓRIA,governance,A Mapear,A Mapear,Ausente,BAIXO,BAIXO,BAIXO,BAIXO,MEDIO,NAO,NAO,NAO,NAO,Todas as definições,Reclassificado,ALTA,BLOCKED_MISSING_CONTEXT,FALSE
5932,governance/regulatory/susep/CODEOWNERS,C,P1,P2,Indefinida,GOVERNANÇA REGULATÓRIA,governance,A Mapear,A Mapear,Ausente,BAIXO,BAIXO,BAIXO,BAIXO,MEDIO,NAO,NAO,NAO,NAO,Todas as definições,Reclassificado,ALTA,BLOCKED_MISSING_CONTEXT,FALSE
5968,governance/regulatory/unicad/.tool-versions,C,P3,P2,Indefinida,GOVERNANÇA REGULATÓRIA,governance,A Mapear,A Mapear,Ausente,BAIXO,BAIXO,BAIXO,BAIXO,MEDIO,NAO,NAO,NAO,NAO,Todas as definições,Reclassificado,ALTA,BLOCKED_MISSING_CONTEXT,FALSE
5970,governance/regulatory/unicad/CODEOWNERS,C,P1,P2,Indefinida,GOVERNANÇA REGULATÓRIA,governance,A Mapear,A Mapear,Ausente,BAIXO,BAIXO,BAIXO,BAIXO,MEDIO,NAO,NAO,NAO,NAO,Todas as definições,Reclassificado,ALTA,BLOCKED_MISSING_CONTEXT,FALSE
6058,governance/runbooks/operations/aml/.tool-versions,C,P1,P2,aml,OPERAÇÃO 24×7,governance,A Mapear,A Mapear,Ausente,BAIXO,BAIXO,BAIXO,BAIXO,MEDIO,NAO,NAO,NAO,NAO,Todas as definições,Reclassificado,ALTA,BLOCKED_MISSING_CONTEXT,FALSE
6060,governance/runbooks/operations/aml/CODEOWNERS,C,P1,P2,aml,OPERAÇÃO 24×7,governance,A Mapear,A Mapear,Ausente,BAIXO,BAIXO,BAIXO,BAIXO,MEDIO,NAO,NAO,NAO,NAO,Todas as definições,Reclassificado,ALTA,BLOCKED_MISSING_CONTEXT,FALSE
6095,governance/business-continuity/.tool-versions,C,P3,P2,Indefinida,OPERAÇÃO 24×7,governance,A Mapear,A Mapear,Ausente,BAIXO,BAIXO,BAIXO,BAIXO,MEDIO,NAO,NAO,NAO,NAO,Todas as definições,Reclassificado,ALTA,BLOCKED_MISSING_CONTEXT,FALSE
6132,governance/runbooks/operations/cards/.tool-versions,C,P2,P2,Indefinida,OPERAÇÃO 24×7,governance,A Mapear,A Mapear,Ausente,BAIXO,BAIXO,BAIXO,BAIXO,MEDIO,NAO,NAO,NAO,NAO,Todas as definições,Reclassificado,ALTA,BLOCKED_MISSING_CONTEXT,FALSE
6134,governance/runbooks/operations/cards/CODEOWNERS,C,P2,P2,Indefinida,OPERAÇÃO 24×7,governance,A Mapear,A Mapear,Ausente,BAIXO,BAIXO,BAIXO,BAIXO,MEDIO,NAO,NAO,NAO,NAO,Todas as definições,Reclassificado,ALTA,BLOCKED_MISSING_CONTEXT,FALSE
6169,governance/runbooks/operations/change-management/.tool-versions,C,P2,P2,Indefinida,OPERAÇÃO 24×7,governance,A Mapear,A Mapear,Ausente,BAIXO,BAIXO,BAIXO,BAIXO,MEDIO,NAO,NAO,NAO,NAO,Todas as definições,Reclassificado,ALTA,BLOCKED_MISSING_CONTEXT,FALSE
6243,governance/runbooks/operations/fraud/.tool-versions,C,P1,P2,fraud,OPERAÇÃO 24×7,governance,A Mapear,A Mapear,Ausente,BAIXO,BAIXO,BAIXO,BAIXO,MEDIO,NAO,NAO,NAO,NAO,Todas as definições,Reclassificado,ALTA,BLOCKED_MISSING_CONTEXT,FALSE
6245,governance/runbooks/operations/fraud/CODEOWNERS,C,P1,P2,fraud,OPERAÇÃO 24×7,governance,A Mapear,A Mapear,Ausente,BAIXO,BAIXO,BAIXO,BAIXO,MEDIO,NAO,NAO,NAO,NAO,Todas as definições,Reclassificado,ALTA,BLOCKED_MISSING_CONTEXT,FALSE
6280,governance/runbooks/operations/incident-management/.tool-versions,C,P2,P2,ci,OPERAÇÃO 24×7,governance,A Mapear,A Mapear,Ausente,BAIXO,BAIXO,BAIXO,BAIXO,MEDIO,NAO,NAO,NAO,NAO,Todas as definições,Reclassificado,ALTA,BLOCKED_MISSING_CONTEXT,FALSE
6317,governance/runbooks/operations/noc/.tool-versions,C,P2,P2,Indefinida,OPERAÇÃO 24×7,governance,A Mapear,A Mapear,Ausente,BAIXO,BAIXO,BAIXO,BAIXO,MEDIO,NAO,NAO,NAO,NAO,Todas as definições,Reclassificado,ALTA,BLOCKED_MISSING_CONTEXT,FALSE
6319,governance/runbooks/operations/noc/CODEOWNERS,C,P2,P2,Indefinida,OPERAÇÃO 24×7,governance,A Mapear,A Mapear,Ausente,BAIXO,BAIXO,BAIXO,BAIXO,MEDIO,NAO,NAO,NAO,NAO,Todas as definições,Reclassificado,ALTA,BLOCKED_MISSING_CONTEXT,FALSE
6465,governance/runbooks/operations/soc/.tool-versions,C,P2,P2,Indefinida,OPERAÇÃO 24×7,governance,A Mapear,A Mapear,Ausente,BAIXO,BAIXO,BAIXO,BAIXO,MEDIO,NAO,NAO,NAO,NAO,Todas as definições,Reclassificado,ALTA,BLOCKED_MISSING_CONTEXT,FALSE
6467,governance/runbooks/operations/soc/CODEOWNERS,C,P2,P2,Indefinida,OPERAÇÃO 24×7,governance,A Mapear,A Mapear,Ausente,BAIXO,BAIXO,BAIXO,BAIXO,MEDIO,NAO,NAO,NAO,NAO,Todas as definições,Reclassificado,ALTA,BLOCKED_MISSING_CONTEXT,FALSE
6502,governance/runbooks/operations/treasury/.tool-versions,C,P2,P2,Indefinida,OPERAÇÃO 24×7,governance,A Mapear,A Mapear,Ausente,BAIXO,BAIXO,BAIXO,BAIXO,MEDIO,NAO,NAO,NAO,NAO,Todas as definições,Reclassificado,ALTA,BLOCKED_MISSING_CONTEXT,FALSE
6504,governance/runbooks/operations/treasury/CODEOWNERS,C,P2,P2,Indefinida,OPERAÇÃO 24×7,governance,A Mapear,A Mapear,Ausente,BAIXO,BAIXO,BAIXO,BAIXO,MEDIO,NAO,NAO,NAO,NAO,Todas as definições,Reclassificado,ALTA,BLOCKED_MISSING_CONTEXT,FALSE
6539,platform/backups/.tool-versions,C,P2,P2,backup,PLATAFORMA E INFRAESTRUTURA,platform,A Mapear,A Mapear,Ausente,BAIXO,BAIXO,BAIXO,BAIXO,MEDIO,NAO,NAO,NAO,NAO,Todas as definições,Reclassificado,ALTA,BLOCKED_MISSING_CONTEXT,FALSE
6541,platform/backups/CODEOWNERS,C,P2,P2,backup,PLATAFORMA E INFRAESTRUTURA,platform,A Mapear,A Mapear,Ausente,BAIXO,BAIXO,BAIXO,BAIXO,MEDIO,NAO,NAO,NAO,NAO,Todas as definições,Reclassificado,ALTA,BLOCKED_MISSING_CONTEXT,FALSE
6576,platform/cache/.tool-versions,C,P3,P2,platform,PLATAFORMA E INFRAESTRUTURA,platform,A Mapear,A Mapear,Ausente,BAIXO,BAIXO,BAIXO,BAIXO,MEDIO,NAO,NAO,NAO,NAO,Todas as definições,Reclassificado,ALTA,BLOCKED_MISSING_CONTEXT,FALSE
6578,platform/cache/CODEOWNERS,C,P1,P2,platform,PLATAFORMA E INFRAESTRUTURA,platform,A Mapear,A Mapear,Ausente,BAIXO,BAIXO,BAIXO,BAIXO,MEDIO,NAO,NAO,NAO,NAO,Todas as definições,Reclassificado,ALTA,BLOCKED_MISSING_CONTEXT,FALSE
6616,platform/ci-cd/.tool-versions,C,P3,P2,ci,PLATAFORMA E INFRAESTRUTURA,platform,A Mapear,A Mapear,Ausente,BAIXO,BAIXO,BAIXO,BAIXO,MEDIO,NAO,NAO,NAO,NAO,Todas as definições,Reclassificado,ALTA,BLOCKED_MISSING_CONTEXT,FALSE
6618,platform/ci-cd/CODEOWNERS,C,P1,P2,ci,PLATAFORMA E INFRAESTRUTURA,platform,A Mapear,A Mapear,Ausente,BAIXO,BAIXO,BAIXO,BAIXO,MEDIO,NAO,NAO,NAO,NAO,Todas as definições,Reclassificado,ALTA,BLOCKED_MISSING_CONTEXT,FALSE
6658,platform/data/analytics/.tool-versions,C,P3,P2,platform,PLATAFORMA DE DADOS,platform,A Mapear,A Mapear,Ausente,BAIXO,BAIXO,BAIXO,BAIXO,MEDIO,NAO,NAO,NAO,NAO,Todas as definições,Reclassificado,ALTA,BLOCKED_MISSING_CONTEXT,FALSE
6660,platform/data/analytics/CODEOWNERS,C,P1,P2,platform,PLATAFORMA DE DADOS,platform,A Mapear,A Mapear,Ausente,BAIXO,BAIXO,BAIXO,BAIXO,MEDIO,NAO,NAO,NAO,NAO,Todas as definições,Reclassificado,ALTA,BLOCKED_MISSING_CONTEXT,FALSE
6695,platform/data/finance-reporting/.tool-versions,C,P3,P2,platform,PLATAFORMA DE DADOS,platform,A Mapear,A Mapear,Ausente,BAIXO,BAIXO,BAIXO,BAIXO,MEDIO,NAO,NAO,NAO,NAO,Todas as definições,Reclassificado,ALTA,BLOCKED_MISSING_CONTEXT,FALSE
6732,platform/data/governance/.tool-versions,C,P3,P2,platform,PLATAFORMA DE DADOS,platform,A Mapear,A Mapear,Ausente,BAIXO,BAIXO,BAIXO,BAIXO,MEDIO,NAO,NAO,NAO,NAO,Todas as definições,Reclassificado,ALTA,BLOCKED_MISSING_CONTEXT,FALSE
6734,platform/data/governance/CODEOWNERS,C,P1,P2,platform,PLATAFORMA DE DADOS,platform,A Mapear,A Mapear,Ausente,BAIXO,BAIXO,BAIXO,BAIXO,MEDIO,NAO,NAO,NAO,NAO,Todas as definições,Reclassificado,ALTA,BLOCKED_MISSING_CONTEXT,FALSE
6769,platform/data/ingestion/.tool-versions,C,P3,P2,platform,PLATAFORMA DE DADOS,platform,A Mapear,A Mapear,Ausente,BAIXO,BAIXO,BAIXO,BAIXO,MEDIO,NAO,NAO,NAO,NAO,Todas as definições,Reclassificado,ALTA,BLOCKED_MISSING_CONTEXT,FALSE
6771,platform/data/ingestion/CODEOWNERS,C,P1,P2,platform,PLATAFORMA DE DADOS,platform,A Mapear,A Mapear,Ausente,BAIXO,BAIXO,BAIXO,BAIXO,MEDIO,NAO,NAO,NAO,NAO,Todas as definições,Reclassificado,ALTA,BLOCKED_MISSING_CONTEXT,FALSE
6806,platform/data/lake/.tool-versions,C,P3,P2,platform,PLATAFORMA DE DADOS,platform,A Mapear,A Mapear,Ausente,BAIXO,BAIXO,BAIXO,BAIXO,MEDIO,NAO,NAO,NAO,NAO,Todas as definições,Reclassificado,ALTA,BLOCKED_MISSING_CONTEXT,FALSE
6808,platform/data/lake/CODEOWNERS,C,P1,P2,platform,PLATAFORMA DE DADOS,platform,A Mapear,A Mapear,Ausente,BAIXO,BAIXO,BAIXO,BAIXO,MEDIO,NAO,NAO,NAO,NAO,Todas as definições,Reclassificado,ALTA,BLOCKED_MISSING_CONTEXT,FALSE
6843,platform/data/lineage/.tool-versions,C,P3,P2,platform,PLATAFORMA DE DADOS,platform,A Mapear,A Mapear,Ausente,BAIXO,BAIXO,BAIXO,BAIXO,MEDIO,NAO,NAO,NAO,NAO,Todas as definições,Reclassificado,ALTA,BLOCKED_MISSING_CONTEXT,FALSE
6845,platform/data/lineage/CODEOWNERS,C,P1,P2,platform,PLATAFORMA DE DADOS,platform,A Mapear,A Mapear,Ausente,BAIXO,BAIXO,BAIXO,BAIXO,MEDIO,NAO,NAO,NAO,NAO,Todas as definições,Reclassificado,ALTA,BLOCKED_MISSING_CONTEXT,FALSE
6880,platform/data/privacy/.tool-versions,C,P3,P2,platform,PLATAFORMA DE DADOS,platform,A Mapear,A Mapear,Ausente,BAIXO,BAIXO,BAIXO,BAIXO,MEDIO,NAO,NAO,NAO,NAO,Todas as definições,Reclassificado,ALTA,BLOCKED_MISSING_CONTEXT,FALSE
6882,platform/data/privacy/CODEOWNERS,C,P1,P2,platform,PLATAFORMA DE DADOS,platform,A Mapear,A Mapear,Ausente,BAIXO,BAIXO,BAIXO,BAIXO,MEDIO,NAO,NAO,NAO,NAO,Todas as definições,Reclassificado,ALTA,BLOCKED_MISSING_CONTEXT,FALSE
6917,platform/data/quality/.tool-versions,C,P2,P2,quality,PLATAFORMA DE DADOS,platform,A Mapear,A Mapear,Ausente,BAIXO,BAIXO,BAIXO,BAIXO,MEDIO,NAO,NAO,NAO,NAO,Todas as definições,Reclassificado,ALTA,BLOCKED_MISSING_CONTEXT,FALSE
6919,platform/data/quality/CODEOWNERS,C,P2,P2,quality,PLATAFORMA DE DADOS,platform,A Mapear,A Mapear,Ausente,BAIXO,BAIXO,BAIXO,BAIXO,MEDIO,NAO,NAO,NAO,NAO,Todas as definições,Reclassificado,ALTA,BLOCKED_MISSING_CONTEXT,FALSE
6954,platform/data/risk-models/.tool-versions,C,P3,P2,platform,PLATAFORMA DE DADOS,platform,A Mapear,A Mapear,Ausente,BAIXO,BAIXO,BAIXO,BAIXO,MEDIO,NAO,NAO,NAO,NAO,Todas as definições,Reclassificado,ALTA,BLOCKED_MISSING_CONTEXT,FALSE
6956,platform/data/risk-models/CODEOWNERS,C,P1,P2,platform,PLATAFORMA DE DADOS,platform,A Mapear,A Mapear,Ausente,BAIXO,BAIXO,BAIXO,BAIXO,MEDIO,NAO,NAO,NAO,NAO,Todas as definições,Reclassificado,ALTA,BLOCKED_MISSING_CONTEXT,FALSE
6991,platform/data/streaming/.tool-versions,C,P3,P2,platform,PLATAFORMA DE DADOS,platform,A Mapear,A Mapear,Ausente,BAIXO,BAIXO,BAIXO,BAIXO,MEDIO,NAO,NAO,NAO,NAO,Todas as definições,Reclassificado,ALTA,BLOCKED_MISSING_CONTEXT,FALSE
6993,platform/data/streaming/CODEOWNERS,C,P1,P2,platform,PLATAFORMA DE DADOS,platform,A Mapear,A Mapear,Ausente,BAIXO,BAIXO,BAIXO,BAIXO,MEDIO,NAO,NAO,NAO,NAO,Todas as definições,Reclassificado,ALTA,BLOCKED_MISSING_CONTEXT,FALSE
7028,platform/data/warehouse/.tool-versions,C,P3,P2,platform,PLATAFORMA DE DADOS,platform,A Mapear,A Mapear,Ausente,BAIXO,BAIXO,BAIXO,BAIXO,MEDIO,NAO,NAO,NAO,NAO,Todas as definições,Reclassificado,ALTA,BLOCKED_MISSING_CONTEXT,FALSE
7030,platform/data/warehouse/CODEOWNERS,C,P1,P2,platform,PLATAFORMA DE DADOS,platform,A Mapear,A Mapear,Ausente,BAIXO,BAIXO,BAIXO,BAIXO,MEDIO,NAO,NAO,NAO,NAO,Todas as definições,Reclassificado,ALTA,BLOCKED_MISSING_CONTEXT,FALSE
7065,platform/databases/.tool-versions,C,P3,P2,platform,PLATAFORMA E INFRAESTRUTURA,platform,A Mapear,A Mapear,Ausente,BAIXO,BAIXO,BAIXO,BAIXO,MEDIO,NAO,NAO,NAO,NAO,Todas as definições,Reclassificado,ALTA,BLOCKED_MISSING_CONTEXT,FALSE
7067,platform/databases/CODEOWNERS,C,P1,P2,platform,PLATAFORMA E INFRAESTRUTURA,platform,A Mapear,A Mapear,Ausente,BAIXO,BAIXO,BAIXO,BAIXO,MEDIO,NAO,NAO,NAO,NAO,Todas as definições,Reclassificado,ALTA,BLOCKED_MISSING_CONTEXT,FALSE
7113,platform/developer-portal/.tool-versions,C,P3,P2,platform,PLATAFORMA E INFRAESTRUTURA,platform,A Mapear,A Mapear,Ausente,BAIXO,BAIXO,BAIXO,BAIXO,MEDIO,NAO,NAO,NAO,NAO,Todas as definições,Reclassificado,ALTA,BLOCKED_MISSING_CONTEXT,FALSE
7150,platform/disaster-recovery/.tool-versions,C,P2,P2,platform,PLATAFORMA E INFRAESTRUTURA,platform,A Mapear,A Mapear,Ausente,BAIXO,BAIXO,BAIXO,BAIXO,MEDIO,NAO,NAO,NAO,NAO,Todas as definições,Reclassificado,ALTA,BLOCKED_MISSING_CONTEXT,FALSE
7187,platform/event-bus/.tool-versions,C,P3,P2,event,PLATAFORMA E INFRAESTRUTURA,platform,A Mapear,A Mapear,Ausente,BAIXO,BAIXO,BAIXO,BAIXO,MEDIO,NAO,NAO,NAO,NAO,Todas as definições,Reclassificado,ALTA,BLOCKED_MISSING_CONTEXT,FALSE
7189,platform/event-bus/CODEOWNERS,C,P1,P2,event,PLATAFORMA E INFRAESTRUTURA,platform,A Mapear,A Mapear,Ausente,BAIXO,BAIXO,BAIXO,BAIXO,MEDIO,NAO,NAO,NAO,NAO,Todas as definições,Reclassificado,ALTA,BLOCKED_MISSING_CONTEXT,FALSE
7234,platform/integrations/b3/.tool-versions,C,P3,P2,platform,MUNDO EXTERNO E ADAPTADORES,platform,A Mapear,A Mapear,Ausente,BAIXO,BAIXO,BAIXO,BAIXO,MEDIO,NAO,NAO,NAO,NAO,Todas as definições,Reclassificado,ALTA,BLOCKED_MISSING_CONTEXT,FALSE
7236,platform/integrations/b3/CODEOWNERS,C,P1,P2,platform,MUNDO EXTERNO E ADAPTADORES,platform,A Mapear,A Mapear,Ausente,BAIXO,BAIXO,BAIXO,BAIXO,MEDIO,NAO,NAO,NAO,NAO,Todas as definições,Reclassificado,ALTA,BLOCKED_MISSING_CONTEXT,FALSE
7272,platform/integrations/bacen/.tool-versions,C,P3,P2,platform,MUNDO EXTERNO E ADAPTADORES,platform,A Mapear,A Mapear,Ausente,BAIXO,BAIXO,BAIXO,BAIXO,MEDIO,NAO,NAO,NAO,NAO,Todas as definições,Reclassificado,ALTA,BLOCKED_MISSING_CONTEXT,FALSE
7274,platform/integrations/bacen/CODEOWNERS,C,P1,P2,platform,MUNDO EXTERNO E ADAPTADORES,platform,A Mapear,A Mapear,Ausente,BAIXO,BAIXO,BAIXO,BAIXO,MEDIO,NAO,NAO,NAO,NAO,Todas as definições,Reclassificado,ALTA,BLOCKED_MISSING_CONTEXT,FALSE
7310,platform/integrations/bureaus/.tool-versions,C,P3,P2,platform,MUNDO EXTERNO E ADAPTADORES,platform,A Mapear,A Mapear,Ausente,BAIXO,BAIXO,BAIXO,BAIXO,MEDIO,NAO,NAO,NAO,NAO,Todas as definições,Reclassificado,ALTA,BLOCKED_MISSING_CONTEXT,FALSE
7312,platform/integrations/bureaus/CODEOWNERS,C,P1,P2,platform,MUNDO EXTERNO E ADAPTADORES,platform,A Mapear,A Mapear,Ausente,BAIXO,BAIXO,BAIXO,BAIXO,MEDIO,NAO,NAO,NAO,NAO,Todas as definições,Reclassificado,ALTA,BLOCKED_MISSING_CONTEXT,FALSE
7348,platform/integrations/card-networks/.tool-versions,C,P3,P2,platform,MUNDO EXTERNO E ADAPTADORES,platform,A Mapear,A Mapear,Ausente,BAIXO,BAIXO,BAIXO,BAIXO,MEDIO,NAO,NAO,NAO,NAO,Todas as definições,Reclassificado,ALTA,BLOCKED_MISSING_CONTEXT,FALSE
7386,platform/integrations/card-processor/.tool-versions,C,P3,P2,platform,MUNDO EXTERNO E ADAPTADORES,platform,A Mapear,A Mapear,Ausente,BAIXO,BAIXO,BAIXO,BAIXO,MEDIO,NAO,NAO,NAO,NAO,Todas as definições,Reclassificado,ALTA,BLOCKED_MISSING_CONTEXT,FALSE
7424,platform/integrations/correspondents/.tool-versions,C,P3,P2,platform,MUNDO EXTERNO E ADAPTADORES,platform,A Mapear,A Mapear,Ausente,BAIXO,BAIXO,BAIXO,BAIXO,MEDIO,NAO,NAO,NAO,NAO,Todas as definições,Reclassificado,ALTA,BLOCKED_MISSING_CONTEXT,FALSE
7462,platform/integrations/custody/.tool-versions,C,P3,P2,platform,MUNDO EXTERNO E ADAPTADORES,platform,A Mapear,A Mapear,Ausente,BAIXO,BAIXO,BAIXO,BAIXO,MEDIO,NAO,NAO,NAO,NAO,Todas as definições,Reclassificado,ALTA,BLOCKED_MISSING_CONTEXT,FALSE
7464,platform/integrations/custody/CODEOWNERS,C,P1,P2,platform,MUNDO EXTERNO E ADAPTADORES,platform,A Mapear,A Mapear,Ausente,BAIXO,BAIXO,BAIXO,BAIXO,MEDIO,NAO,NAO,NAO,NAO,Todas as definições,Reclassificado,ALTA,BLOCKED_MISSING_CONTEXT,FALSE
7500,platform/integrations/dict/.tool-versions,C,P3,P2,platform,MUNDO EXTERNO E ADAPTADORES,platform,A Mapear,A Mapear,Ausente,BAIXO,BAIXO,BAIXO,BAIXO,MEDIO,NAO,NAO,NAO,NAO,Todas as definições,Reclassificado,ALTA,BLOCKED_MISSING_CONTEXT,FALSE
7502,platform/integrations/dict/CODEOWNERS,C,P1,P2,platform,MUNDO EXTERNO E ADAPTADORES,platform,A Mapear,A Mapear,Ausente,BAIXO,BAIXO,BAIXO,BAIXO,MEDIO,NAO,NAO,NAO,NAO,Todas as definições,Reclassificado,ALTA,BLOCKED_MISSING_CONTEXT,FALSE
7538,platform/integrations/kyc-providers/.tool-versions,C,P1,P2,kyc,MUNDO EXTERNO E ADAPTADORES,platform,A Mapear,A Mapear,Ausente,BAIXO,BAIXO,BAIXO,BAIXO,MEDIO,NAO,NAO,NAO,NAO,Todas as definições,Reclassificado,ALTA,BLOCKED_MISSING_CONTEXT,FALSE
7577,platform/integrations/notifications/.tool-versions,C,P3,P2,notification,MUNDO EXTERNO E ADAPTADORES,platform,A Mapear,A Mapear,Ausente,BAIXO,BAIXO,BAIXO,BAIXO,MEDIO,NAO,NAO,NAO,NAO,Todas as definições,Reclassificado,ALTA,BLOCKED_MISSING_CONTEXT,FALSE
7615,platform/integrations/open-finance/.tool-versions,C,P3,P2,platform,MUNDO EXTERNO E ADAPTADORES,platform,A Mapear,A Mapear,Ausente,BAIXO,BAIXO,BAIXO,BAIXO,MEDIO,NAO,NAO,NAO,NAO,Todas as definições,Reclassificado,ALTA,BLOCKED_MISSING_CONTEXT,FALSE
7656,platform/integrations/spi/.tool-versions,C,P3,P2,platform,MUNDO EXTERNO E ADAPTADORES,platform,A Mapear,A Mapear,Ausente,BAIXO,BAIXO,BAIXO,BAIXO,MEDIO,NAO,NAO,NAO,NAO,Todas as definições,Reclassificado,ALTA,BLOCKED_MISSING_CONTEXT,FALSE
7658,platform/integrations/spi/CODEOWNERS,C,P1,P2,platform,MUNDO EXTERNO E ADAPTADORES,platform,A Mapear,A Mapear,Ausente,BAIXO,BAIXO,BAIXO,BAIXO,MEDIO,NAO,NAO,NAO,NAO,Todas as definições,Reclassificado,ALTA,BLOCKED_MISSING_CONTEXT,FALSE
7694,platform/integrations/susep/.tool-versions,C,P3,P2,platform,MUNDO EXTERNO E ADAPTADORES,platform,A Mapear,A Mapear,Ausente,BAIXO,BAIXO,BAIXO,BAIXO,MEDIO,NAO,NAO,NAO,NAO,Todas as definições,Reclassificado,ALTA,BLOCKED_MISSING_CONTEXT,FALSE
7696,platform/integrations/susep/CODEOWNERS,C,P1,P2,platform,MUNDO EXTERNO E ADAPTADORES,platform,A Mapear,A Mapear,Ausente,BAIXO,BAIXO,BAIXO,BAIXO,MEDIO,NAO,NAO,NAO,NAO,Todas as definições,Reclassificado,ALTA,BLOCKED_MISSING_CONTEXT,FALSE
7732,platform/integrations/swift/.tool-versions,C,P3,P2,platform,MUNDO EXTERNO E ADAPTADORES,platform,A Mapear,A Mapear,Ausente,BAIXO,BAIXO,BAIXO,BAIXO,MEDIO,NAO,NAO,NAO,NAO,Todas as definições,Reclassificado,ALTA,BLOCKED_MISSING_CONTEXT,FALSE
7734,platform/integrations/swift/CODEOWNERS,C,P1,P2,platform,MUNDO EXTERNO E ADAPTADORES,platform,A Mapear,A Mapear,Ausente,BAIXO,BAIXO,BAIXO,BAIXO,MEDIO,NAO,NAO,NAO,NAO,Todas as definições,Reclassificado,ALTA,BLOCKED_MISSING_CONTEXT,FALSE
7770,platform/kms-hsm/.tool-versions,C,P3,P2,platform,PLATAFORMA E INFRAESTRUTURA,platform,A Mapear,A Mapear,Ausente,BAIXO,BAIXO,BAIXO,BAIXO,MEDIO,NAO,NAO,NAO,NAO,Todas as definições,Reclassificado,ALTA,BLOCKED_MISSING_CONTEXT,FALSE
7772,platform/kms-hsm/CODEOWNERS,C,P1,P2,platform,PLATAFORMA E INFRAESTRUTURA,platform,A Mapear,A Mapear,Ausente,BAIXO,BAIXO,BAIXO,BAIXO,MEDIO,NAO,NAO,NAO,NAO,Todas as definições,Reclassificado,ALTA,BLOCKED_MISSING_CONTEXT,FALSE
7807,platform/kubernetes/.tool-versions,C,P2,P2,kubernetes,PLATAFORMA E INFRAESTRUTURA,platform,A Mapear,A Mapear,Ausente,BAIXO,BAIXO,BAIXO,BAIXO,MEDIO,NAO,NAO,NAO,NAO,Todas as definições,Reclassificado,ALTA,BLOCKED_MISSING_CONTEXT,FALSE
7809,platform/kubernetes/CODEOWNERS,C,P2,P2,kubernetes,PLATAFORMA E INFRAESTRUTURA,platform,A Mapear,A Mapear,Ausente,BAIXO,BAIXO,BAIXO,BAIXO,MEDIO,NAO,NAO,NAO,NAO,Todas as definições,Reclassificado,ALTA,BLOCKED_MISSING_CONTEXT,FALSE
7856,platform/object-storage/.tool-versions,C,P3,P2,platform,PLATAFORMA E INFRAESTRUTURA,platform,A Mapear,A Mapear,Ausente,BAIXO,BAIXO,BAIXO,BAIXO,MEDIO,NAO,NAO,NAO,NAO,Todas as definições,Reclassificado,ALTA,BLOCKED_MISSING_CONTEXT,FALSE
7893,platform/observability/.tool-versions,C,P1,P2,observability,PLATAFORMA E INFRAESTRUTURA,platform,A Mapear,A Mapear,Ausente,BAIXO,BAIXO,BAIXO,BAIXO,MEDIO,NAO,NAO,NAO,NAO,Todas as definições,Reclassificado,ALTA,BLOCKED_MISSING_CONTEXT,FALSE
7942,platform/secrets/.tool-versions,C,P3,P2,platform,PLATAFORMA E INFRAESTRUTURA,platform,A Mapear,A Mapear,Ausente,BAIXO,BAIXO,BAIXO,BAIXO,MEDIO,NAO,NAO,NAO,NAO,Todas as definições,Reclassificado,ALTA,BLOCKED_MISSING_CONTEXT,FALSE
7944,platform/secrets/CODEOWNERS,C,P1,P2,platform,PLATAFORMA E INFRAESTRUTURA,platform,A Mapear,A Mapear,Ausente,BAIXO,BAIXO,BAIXO,BAIXO,MEDIO,NAO,NAO,NAO,NAO,Todas as definições,Reclassificado,ALTA,BLOCKED_MISSING_CONTEXT,FALSE
8423,platform/siem/.tool-versions,C,P3,P2,platform,PLATAFORMA E INFRAESTRUTURA,platform,A Mapear,A Mapear,Ausente,BAIXO,BAIXO,BAIXO,BAIXO,MEDIO,NAO,NAO,NAO,NAO,Todas as definições,Reclassificado,ALTA,BLOCKED_MISSING_CONTEXT,FALSE
8425,platform/siem/CODEOWNERS,C,P1,P2,platform,PLATAFORMA E INFRAESTRUTURA,platform,A Mapear,A Mapear,Ausente,BAIXO,BAIXO,BAIXO,BAIXO,MEDIO,NAO,NAO,NAO,NAO,Todas as definições,Reclassificado,ALTA,BLOCKED_MISSING_CONTEXT,FALSE
8460,platform/terraform/.tool-versions,C,P2,P2,terraform,PLATAFORMA E INFRAESTRUTURA,platform,A Mapear,A Mapear,Ausente,BAIXO,BAIXO,BAIXO,BAIXO,MEDIO,NAO,NAO,NAO,NAO,Todas as definições,Reclassificado,ALTA,BLOCKED_MISSING_CONTEXT,FALSE
8462,platform/terraform/CODEOWNERS,C,P2,P2,terraform,PLATAFORMA E INFRAESTRUTURA,platform,A Mapear,A Mapear,Ausente,BAIXO,BAIXO,BAIXO,BAIXO,MEDIO,NAO,NAO,NAO,NAO,Todas as definições,Reclassificado,ALTA,BLOCKED_MISSING_CONTEXT,FALSE
8520,platform/tools/comment-gate/.tool-versions,C,P3,P2,platform,FERRAMENTAS DE ENGENHARIA,platform,A Mapear,A Mapear,Ausente,BAIXO,BAIXO,BAIXO,BAIXO,MEDIO,NAO,NAO,NAO,NAO,Todas as definições,Reclassificado,ALTA,BLOCKED_MISSING_CONTEXT,FALSE
8558,platform/tools/contract-linter/.tool-versions,C,P3,P2,contract,FERRAMENTAS DE ENGENHARIA,platform,A Mapear,A Mapear,Ausente,BAIXO,BAIXO,BAIXO,BAIXO,MEDIO,NAO,NAO,NAO,NAO,Todas as definições,Reclassificado,ALTA,BLOCKED_MISSING_CONTEXT,FALSE
8596,platform/tools/developer-cli/.tool-versions,C,P3,P2,platform,FERRAMENTAS DE ENGENHARIA,platform,A Mapear,A Mapear,Ausente,BAIXO,BAIXO,BAIXO,BAIXO,MEDIO,NAO,NAO,NAO,NAO,Todas as definições,Reclassificado,ALTA,BLOCKED_MISSING_CONTEXT,FALSE
8638,platform/tools/local-environment/.tool-versions,C,P3,P2,platform,FERRAMENTAS DE ENGENHARIA,platform,A Mapear,A Mapear,Ausente,BAIXO,BAIXO,BAIXO,BAIXO,MEDIO,NAO,NAO,NAO,NAO,Todas as definições,Reclassificado,ALTA,BLOCKED_MISSING_CONTEXT,FALSE
8715,platform/tools/release-manifest/.tool-versions,C,P3,P2,platform,FERRAMENTAS DE ENGENHARIA,platform,A Mapear,A Mapear,Ausente,BAIXO,BAIXO,BAIXO,BAIXO,MEDIO,NAO,NAO,NAO,NAO,Todas as definições,Reclassificado,ALTA,BLOCKED_MISSING_CONTEXT,FALSE
8752,platform/tools/sbom/.tool-versions,C,P3,P2,platform,FERRAMENTAS DE ENGENHARIA,platform,A Mapear,A Mapear,Ausente,BAIXO,BAIXO,BAIXO,BAIXO,MEDIO,NAO,NAO,NAO,NAO,Todas as definições,Reclassificado,ALTA,BLOCKED_MISSING_CONTEXT,FALSE
8789,platform/tools/schema-validator/.tool-versions,C,P3,P2,platform,FERRAMENTAS DE ENGENHARIA,platform,A Mapear,A Mapear,Ausente,BAIXO,BAIXO,BAIXO,BAIXO,MEDIO,NAO,NAO,NAO,NAO,Todas as definições,Reclassificado,ALTA,BLOCKED_MISSING_CONTEXT,FALSE
8826,platform/tools/secret-scanner/.tool-versions,C,P3,P2,scan,FERRAMENTAS DE ENGENHARIA,platform,A Mapear,A Mapear,Ausente,BAIXO,BAIXO,BAIXO,BAIXO,MEDIO,NAO,NAO,NAO,NAO,Todas as definições,Reclassificado,ALTA,BLOCKED_MISSING_CONTEXT,FALSE
8901,quality/chaos/.tool-versions,C,P2,P2,quality,QUALIDADE E HOMOLOGAÇÃO,quality,A Mapear,A Mapear,Ausente,BAIXO,BAIXO,BAIXO,BAIXO,MEDIO,NAO,NAO,NAO,NAO,Todas as definições,Reclassificado,ALTA,BLOCKED_MISSING_CONTEXT,FALSE
8903,quality/chaos/CODEOWNERS,C,P2,P2,quality,QUALIDADE E HOMOLOGAÇÃO,quality,A Mapear,A Mapear,Ausente,BAIXO,BAIXO,BAIXO,BAIXO,MEDIO,NAO,NAO,NAO,NAO,Todas as definições,Reclassificado,ALTA,BLOCKED_MISSING_CONTEXT,FALSE
8938,quality/contract/.tool-versions,C,P2,P2,contract,QUALIDADE E HOMOLOGAÇÃO,quality,A Mapear,A Mapear,Ausente,BAIXO,BAIXO,BAIXO,BAIXO,MEDIO,NAO,NAO,NAO,NAO,Todas as definições,Reclassificado,ALTA,BLOCKED_MISSING_CONTEXT,FALSE
8940,quality/contract/CODEOWNERS,C,P2,P2,contract,QUALIDADE E HOMOLOGAÇÃO,quality,A Mapear,A Mapear,Ausente,BAIXO,BAIXO,BAIXO,BAIXO,MEDIO,NAO,NAO,NAO,NAO,Todas as definições,Reclassificado,ALTA,BLOCKED_MISSING_CONTEXT,FALSE
8975,quality/e2e/.tool-versions,C,P2,P2,quality,QUALIDADE E HOMOLOGAÇÃO,quality,A Mapear,A Mapear,Ausente,BAIXO,BAIXO,BAIXO,BAIXO,MEDIO,NAO,NAO,NAO,NAO,Todas as definições,Reclassificado,ALTA,BLOCKED_MISSING_CONTEXT,FALSE
8977,quality/e2e/CODEOWNERS,C,P2,P2,quality,QUALIDADE E HOMOLOGAÇÃO,quality,A Mapear,A Mapear,Ausente,BAIXO,BAIXO,BAIXO,BAIXO,MEDIO,NAO,NAO,NAO,NAO,Todas as definições,Reclassificado,ALTA,BLOCKED_MISSING_CONTEXT,FALSE
9012,quality/financial-invariants/.tool-versions,C,P2,P2,ci,QUALIDADE E HOMOLOGAÇÃO,quality,A Mapear,A Mapear,Ausente,BAIXO,BAIXO,BAIXO,BAIXO,MEDIO,NAO,NAO,NAO,NAO,Todas as definições,Reclassificado,ALTA,BLOCKED_MISSING_CONTEXT,FALSE
9014,quality/financial-invariants/CODEOWNERS,C,P2,P2,ci,QUALIDADE E HOMOLOGAÇÃO,quality,A Mapear,A Mapear,Ausente,BAIXO,BAIXO,BAIXO,BAIXO,MEDIO,NAO,NAO,NAO,NAO,Todas as definições,Reclassificado,ALTA,BLOCKED_MISSING_CONTEXT,FALSE
9066,quality/integration/.tool-versions,C,P2,P2,quality,QUALIDADE E HOMOLOGAÇÃO,quality,A Mapear,A Mapear,Ausente,BAIXO,BAIXO,BAIXO,BAIXO,MEDIO,NAO,NAO,NAO,NAO,Todas as definições,Reclassificado,ALTA,BLOCKED_MISSING_CONTEXT,FALSE
9068,quality/integration/CODEOWNERS,C,P2,P2,quality,QUALIDADE E HOMOLOGAÇÃO,quality,A Mapear,A Mapear,Ausente,BAIXO,BAIXO,BAIXO,BAIXO,MEDIO,NAO,NAO,NAO,NAO,Todas as definições,Reclassificado,ALTA,BLOCKED_MISSING_CONTEXT,FALSE
9114,quality/performance/.tool-versions,C,P2,P2,performance,QUALIDADE E HOMOLOGAÇÃO,quality,A Mapear,A Mapear,Ausente,BAIXO,BAIXO,BAIXO,BAIXO,MEDIO,NAO,NAO,NAO,NAO,Todas as definições,Reclassificado,ALTA,BLOCKED_MISSING_CONTEXT,FALSE
9116,quality/performance/CODEOWNERS,C,P2,P2,performance,QUALIDADE E HOMOLOGAÇÃO,quality,A Mapear,A Mapear,Ausente,BAIXO,BAIXO,BAIXO,BAIXO,MEDIO,NAO,NAO,NAO,NAO,Todas as definições,Reclassificado,ALTA,BLOCKED_MISSING_CONTEXT,FALSE
9152,quality/regulatory/.tool-versions,C,P2,P2,quality,QUALIDADE E HOMOLOGAÇÃO,quality,A Mapear,A Mapear,Ausente,BAIXO,BAIXO,BAIXO,BAIXO,MEDIO,NAO,NAO,NAO,NAO,Todas as definições,Reclassificado,ALTA,BLOCKED_MISSING_CONTEXT,FALSE
9154,quality/regulatory/CODEOWNERS,C,P2,P2,quality,QUALIDADE E HOMOLOGAÇÃO,quality,A Mapear,A Mapear,Ausente,BAIXO,BAIXO,BAIXO,BAIXO,MEDIO,NAO,NAO,NAO,NAO,Todas as definições,Reclassificado,ALTA,BLOCKED_MISSING_CONTEXT,FALSE
9189,quality/resilience/.tool-versions,C,P2,P2,quality,QUALIDADE E HOMOLOGAÇÃO,quality,A Mapear,A Mapear,Ausente,BAIXO,BAIXO,BAIXO,BAIXO,MEDIO,NAO,NAO,NAO,NAO,Todas as definições,Reclassificado,ALTA,BLOCKED_MISSING_CONTEXT,FALSE
9191,quality/resilience/CODEOWNERS,C,P2,P2,quality,QUALIDADE E HOMOLOGAÇÃO,quality,A Mapear,A Mapear,Ausente,BAIXO,BAIXO,BAIXO,BAIXO,MEDIO,NAO,NAO,NAO,NAO,Todas as definições,Reclassificado,ALTA,BLOCKED_MISSING_CONTEXT,FALSE
9301,quality/unit/.tool-versions,C,P2,P2,quality,QUALIDADE E HOMOLOGAÇÃO,quality,A Mapear,A Mapear,Ausente,BAIXO,BAIXO,BAIXO,BAIXO,MEDIO,NAO,NAO,NAO,NAO,Todas as definições,Reclassificado,ALTA,BLOCKED_MISSING_CONTEXT,FALSE
9303,quality/unit/CODEOWNERS,C,P2,P2,quality,QUALIDADE E HOMOLOGAÇÃO,quality,A Mapear,A Mapear,Ausente,BAIXO,BAIXO,BAIXO,BAIXO,MEDIO,NAO,NAO,NAO,NAO,Todas as definições,Reclassificado,ALTA,BLOCKED_MISSING_CONTEXT,FALSE
9327,governance/release/repository-root/renovate.json,C,P1,P2,Indefinida,FUNDAÇÃO DO WORKSPACE,governance,A Mapear,A Mapear,Ausente,BAIXO,BAIXO,BAIXO,BAIXO,MEDIO,NAO,NAO,NAO,NAO,Todas as definições,Reclassificado,ALTA,BLOCKED_MISSING_CONTEXT,FALSE
