placeholder_id,caminho,capacidade,dominio,modulo,tipo_recurso,consumidores,dependencias,contratos_relacionados,eventos,persistencia,risco_financeiro,risco_regulatorio,risco_seguranca,risco_operacional,impacto_da_ausencia,bloqueia_capacidades,prioridade_recomendada,justificativa,confianca,contexto_ausente,status
15,governance/release/repository-root/CODEOWNERS,Indefinida,FUNDAÇÃO DO WORKSPACE,governance,outro,A Mapear,A Mapear,Ausente,Ausente,Ausente,BAIXO,BAIXO,BAIXO,BAIXO,MEDIO,NAO,P2,Capacidade identificada como Indefinida,ALTA,Regras de negócio e integração explícita,P2_CONFIRMED
18,governance/release/repository-root/Makefile,Indefinida,FUNDAÇÃO DO WORKSPACE,governance,outro,A Mapear,A Mapear,Ausente,Ausente,Ausente,BAIXO,BAIXO,BAIXO,BAIXO,MEDIO,NAO,P2,Capacidade identificada como Indefinida,ALTA,Regras de negócio e integração explícita,P2_CONFIRMED
22,governance/release/repository-root/Taskfile.yml,Indefinida,FUNDAÇÃO DO WORKSPACE,governance,outro,A Mapear,A Mapear,Ausente,Ausente,Ausente,BAIXO,BAIXO,BAIXO,BAIXO,MEDIO,NAO,P2,Capacidade identificada como Indefinida,ALTA,Regras de negócio e integração explícita,P2_CONFIRMED
36,apps/android/.tool-versions,android,CANAIS,apps,outro,A Mapear,A Mapear,Ausente,Ausente,Ausente,BAIXO,BAIXO,BAIXO,BAIXO,MEDIO,NAO,P2,Capacidade identificada como android,ALTA,Regras de negócio e integração explícita,P2_CONFIRMED
39,apps/android/CODEOWNERS,android,CANAIS,apps,outro,A Mapear,A Mapear,Ausente,Ausente,Ausente,BAIXO,BAIXO,BAIXO,BAIXO,MEDIO,NAO,P2,Capacidade identificada como android,ALTA,Regras de negócio e integração explícita,P2_CONFIRMED
355,apps/ios/.tool-versions,ios,CANAIS,apps,outro,A Mapear,A Mapear,Ausente,Ausente,Ausente,BAIXO,BAIXO,BAIXO,BAIXO,MEDIO,NAO,P2,Capacidade identificada como ios,ALTA,Regras de negócio e integração explícita,P2_CONFIRMED
367,apps/ios/CODEOWNERS,ios,CANAIS,apps,outro,A Mapear,A Mapear,Ausente,Ausente,Ausente,BAIXO,BAIXO,BAIXO,BAIXO,MEDIO,NAO,P2,Capacidade identificada como ios,ALTA,Regras de negócio e integração explícita,P2_CONFIRMED
603,apps/partner-developer-portal/.tool-versions,partner,CANAIS,apps,outro,A Mapear,A Mapear,Ausente,Ausente,Ausente,BAIXO,BAIXO,BAIXO,BAIXO,MEDIO,NAO,P2,Capacidade identificada como partner,ALTA,Regras de negócio e integração explícita,P2_CONFIRMED
605,apps/partner-developer-portal/CODEOWNERS,partner,CANAIS,apps,outro,A Mapear,A Mapear,Ausente,Ausente,Ausente,BAIXO,BAIXO,BAIXO,BAIXO,MEDIO,NAO,P2,Capacidade identificada como partner,ALTA,Regras de negócio e integração explícita,P2_CONFIRMED
681,apps/web-banking/.tool-versions,web,CANAIS,apps,outro,A Mapear,A Mapear,Ausente,Ausente,Ausente,BAIXO,BAIXO,BAIXO,BAIXO,MEDIO,NAO,P2,Capacidade identificada como web,ALTA,Regras de negócio e integração explícita,P2_CONFIRMED
684,apps/web-banking/CODEOWNERS,web,CANAIS,apps,outro,A Mapear,A Mapear,Ausente,Ausente,Ausente,BAIXO,BAIXO,BAIXO,BAIXO,MEDIO,NAO,P2,Capacidade identificada como web,ALTA,Regras de negócio e integração explícita,P2_CONFIRMED
1148,apps/windows-operations/.tool-versions,windows,CANAIS,apps,outro,A Mapear,A Mapear,Ausente,Ausente,Ausente,BAIXO,BAIXO,BAIXO,BAIXO,MEDIO,NAO,P2,Capacidade identificada como windows,ALTA,Regras de negócio e integração explícita,P2_CONFIRMED
1154,apps/windows-operations/CODEOWNERS,windows,CANAIS,apps,outro,A Mapear,A Mapear,Ausente,Ausente,Ausente,BAIXO,BAIXO,BAIXO,BAIXO,MEDIO,NAO,P2,Capacidade identificada como windows,ALTA,Regras de negócio e integração explícita,P2_CONFIRMED
1306,bff/mobile-bff/.tool-versions,bff,BFFs POR CANAL,bff,outro,A Mapear,A Mapear,Ausente,Ausente,Ausente,BAIXO,BAIXO,BAIXO,BAIXO,MEDIO,NAO,P2,Capacidade identificada como bff,ALTA,Regras de negócio e integração explícita,P2_CONFIRMED
1308,bff/mobile-bff/CODEOWNERS,bff,BFFs POR CANAL,bff,outro,A Mapear,A Mapear,Ausente,Ausente,Ausente,BAIXO,BAIXO,BAIXO,BAIXO,MEDIO,NAO,P2,Capacidade identificada como bff,ALTA,Regras de negócio e integração explícita,P2_CONFIRMED
1365,bff/open-finance-api/.tool-versions,bff,BFFs POR CANAL,bff,outro,A Mapear,A Mapear,Ausente,Ausente,Ausente,BAIXO,BAIXO,BAIXO,BAIXO,MEDIO,NAO,P2,Capacidade identificada como bff,ALTA,Regras de negócio e integração explícita,P2_CONFIRMED
1367,bff/open-finance-api/CODEOWNERS,bff,BFFs POR CANAL,bff,outro,A Mapear,A Mapear,Ausente,Ausente,Ausente,BAIXO,BAIXO,BAIXO,BAIXO,MEDIO,NAO,P2,Capacidade identificada como bff,ALTA,Regras de negócio e integração explícita,P2_CONFIRMED
1402,bff/operations-bff/.tool-versions,bff,BFFs POR CANAL,bff,outro,A Mapear,A Mapear,Ausente,Ausente,Ausente,BAIXO,BAIXO,BAIXO,BAIXO,MEDIO,NAO,P2,Capacidade identificada como bff,ALTA,Regras de negócio e integração explícita,P2_CONFIRMED
1404,bff/operations-bff/CODEOWNERS,bff,BFFs POR CANAL,bff,outro,A Mapear,A Mapear,Ausente,Ausente,Ausente,BAIXO,BAIXO,BAIXO,BAIXO,MEDIO,NAO,P2,Capacidade identificada como bff,ALTA,Regras de negócio e integração explícita,P2_CONFIRMED
1465,bff/partner-api-facade/.tool-versions,bff,BFFs POR CANAL,bff,outro,A Mapear,A Mapear,Ausente,Ausente,Ausente,BAIXO,BAIXO,BAIXO,BAIXO,MEDIO,NAO,P2,Capacidade identificada como bff,ALTA,Regras de negócio e integração explícita,P2_CONFIRMED
1468,bff/partner-api-facade/CODEOWNERS,bff,BFFs POR CANAL,bff,outro,A Mapear,A Mapear,Ausente,Ausente,Ausente,BAIXO,BAIXO,BAIXO,BAIXO,MEDIO,NAO,P2,Capacidade identificada como bff,ALTA,Regras de negócio e integração explícita,P2_CONFIRMED
1555,bff/web-bff/.tool-versions,bff,BFFs POR CANAL,bff,outro,A Mapear,A Mapear,Ausente,Ausente,Ausente,BAIXO,BAIXO,BAIXO,BAIXO,MEDIO,NAO,P2,Capacidade identificada como bff,ALTA,Regras de negócio e integração explícita,P2_CONFIRMED
1557,bff/web-bff/CODEOWNERS,bff,BFFs POR CANAL,bff,outro,A Mapear,A Mapear,Ausente,Ausente,Ausente,BAIXO,BAIXO,BAIXO,BAIXO,MEDIO,NAO,P2,Capacidade identificada como bff,ALTA,Regras de negócio e integração explícita,P2_CONFIRMED
1605,governance/release/repository-root/compose.yaml,aml,FUNDAÇÃO DO WORKSPACE,governance,outro,A Mapear,A Mapear,Ausente,Ausente,Ausente,BAIXO,BAIXO,BAIXO,BAIXO,MEDIO,NAO,P2,Capacidade identificada como aml,ALTA,Regras de negócio e integração explícita,P2_CONFIRMED
1617,contracts/iso20022/adapters/.tool-versions,contract,CONTRATOS E MENSAGERIA FINANCEIRA,contracts,outro,A Mapear,A Mapear,Ausente,Ausente,Ausente,BAIXO,BAIXO,BAIXO,BAIXO,MEDIO,NAO,P2,Capacidade identificada como contract,ALTA,Regras de negócio e integração explícita,P2_CONFIRMED
1619,contracts/iso20022/adapters/CODEOWNERS,contract,CONTRATOS E MENSAGERIA FINANCEIRA,contracts,outro,A Mapear,A Mapear,Ausente,Ausente,Ausente,BAIXO,BAIXO,BAIXO,BAIXO,MEDIO,NAO,P2,Capacidade identificada como contract,ALTA,Regras de negócio e integração explícita,P2_CONFIRMED
1654,contracts/iso20022/mappings/.tool-versions,contract,CONTRATOS E MENSAGERIA FINANCEIRA,contracts,outro,A Mapear,A Mapear,Ausente,Ausente,Ausente,BAIXO,BAIXO,BAIXO,BAIXO,MEDIO,NAO,P2,Capacidade identificada como contract,ALTA,Regras de negócio e integração explícita,P2_CONFIRMED
1656,contracts/iso20022/mappings/CODEOWNERS,contract,CONTRATOS E MENSAGERIA FINANCEIRA,contracts,outro,A Mapear,A Mapear,Ausente,Ausente,Ausente,BAIXO,BAIXO,BAIXO,BAIXO,MEDIO,NAO,P2,Capacidade identificada como contract,ALTA,Regras de negócio e integração explícita,P2_CONFIRMED
1691,contracts/iso20022/messages/.tool-versions,contract,CONTRATOS E MENSAGERIA FINANCEIRA,contracts,outro,A Mapear,A Mapear,Ausente,Ausente,Ausente,BAIXO,BAIXO,BAIXO,BAIXO,MEDIO,NAO,P2,Capacidade identificada como contract,ALTA,Regras de negócio e integração explícita,P2_CONFIRMED
1693,contracts/iso20022/messages/CODEOWNERS,contract,CONTRATOS E MENSAGERIA FINANCEIRA,contracts,outro,A Mapear,A Mapear,Ausente,Ausente,Ausente,BAIXO,BAIXO,BAIXO,BAIXO,MEDIO,NAO,P2,Capacidade identificada como contract,ALTA,Regras de negócio e integração explícita,P2_CONFIRMED
1728,contracts/iso20022/schemas/.tool-versions,contract,CONTRATOS E MENSAGERIA FINANCEIRA,contracts,outro,A Mapear,A Mapear,Ausente,Ausente,Ausente,BAIXO,BAIXO,BAIXO,BAIXO,MEDIO,NAO,P2,Capacidade identificada como contract,ALTA,Regras de negócio e integração explícita,P2_CONFIRMED
1730,contracts/iso20022/schemas/CODEOWNERS,contract,CONTRATOS E MENSAGERIA FINANCEIRA,contracts,outro,A Mapear,A Mapear,Ausente,Ausente,Ausente,BAIXO,BAIXO,BAIXO,BAIXO,MEDIO,NAO,P2,Capacidade identificada como contract,ALTA,Regras de negócio e integração explícita,P2_CONFIRMED
1766,contracts/iso20022/tests/.tool-versions,contract,CONTRATOS E MENSAGERIA FINANCEIRA,contracts,outro,A Mapear,A Mapear,Ausente,Ausente,Ausente,BAIXO,BAIXO,BAIXO,BAIXO,MEDIO,NAO,P3,Capacidade identificada como contract,ALTA,Regras de negócio e integração explícita,P3_CONFIRMED
1768,contracts/iso20022/tests/CODEOWNERS,contract,CONTRATOS E MENSAGERIA FINANCEIRA,contracts,outro,A Mapear,A Mapear,Ausente,Ausente,Ausente,BAIXO,BAIXO,BAIXO,BAIXO,MEDIO,NAO,P3,Capacidade identificada como contract,ALTA,Regras de negócio e integração explícita,P3_CONFIRMED
1803,contracts/iso20022/validation/.tool-versions,contract,CONTRATOS E MENSAGERIA FINANCEIRA,contracts,outro,A Mapear,A Mapear,Ausente,Ausente,Ausente,BAIXO,BAIXO,BAIXO,BAIXO,MEDIO,NAO,P2,Capacidade identificada como contract,ALTA,Regras de negócio e integração explícita,P2_CONFIRMED
1805,contracts/iso20022/validation/CODEOWNERS,contract,CONTRATOS E MENSAGERIA FINANCEIRA,contracts,outro,A Mapear,A Mapear,Ausente,Ausente,Ausente,BAIXO,BAIXO,BAIXO,BAIXO,MEDIO,NAO,P2,Capacidade identificada como contract,ALTA,Regras de negócio e integração explícita,P2_CONFIRMED
1840,contracts/asyncapi/.tool-versions,contract,CONTRATOS E MODELOS,contracts,outro,A Mapear,A Mapear,Ausente,Ausente,Ausente,BAIXO,BAIXO,BAIXO,BAIXO,MEDIO,NAO,P2,Capacidade identificada como contract,ALTA,Regras de negócio e integração explícita,P2_CONFIRMED
1842,contracts/asyncapi/CODEOWNERS,contract,CONTRATOS E MODELOS,contracts,outro,A Mapear,A Mapear,Ausente,Ausente,Ausente,BAIXO,BAIXO,BAIXO,BAIXO,MEDIO,NAO,P2,Capacidade identificada como contract,ALTA,Regras de negócio e integração explícita,P2_CONFIRMED
1884,contracts/error-catalog/.tool-versions,contract,CONTRATOS E MODELOS,contracts,outro,A Mapear,A Mapear,Ausente,Ausente,Ausente,BAIXO,BAIXO,BAIXO,BAIXO,MEDIO,NAO,P2,Capacidade identificada como contract,ALTA,Regras de negócio e integração explícita,P2_CONFIRMED
1886,contracts/error-catalog/CODEOWNERS,contract,CONTRATOS E MODELOS,contracts,outro,A Mapear,A Mapear,Ausente,Ausente,Ausente,BAIXO,BAIXO,BAIXO,BAIXO,MEDIO,NAO,P2,Capacidade identificada como contract,ALTA,Regras de negócio e integração explícita,P2_CONFIRMED
1926,contracts/events/.tool-versions,contract,CONTRATOS E MODELOS,contracts,outro,A Mapear,A Mapear,Ausente,Ausente,Ausente,BAIXO,BAIXO,BAIXO,BAIXO,MEDIO,NAO,P2,Capacidade identificada como contract,ALTA,Regras de negócio e integração explícita,P2_CONFIRMED
1928,contracts/events/CODEOWNERS,contract,CONTRATOS E MODELOS,contracts,outro,A Mapear,A Mapear,Ausente,Ausente,Ausente,BAIXO,BAIXO,BAIXO,BAIXO,MEDIO,NAO,P2,Capacidade identificada como contract,ALTA,Regras de negócio e integração explícita,P2_CONFIRMED
1966,contracts/json-schema/.tool-versions,contract,CONTRATOS E MODELOS,contracts,outro,A Mapear,A Mapear,Ausente,Ausente,Ausente,BAIXO,BAIXO,BAIXO,BAIXO,MEDIO,NAO,P2,Capacidade identificada como contract,ALTA,Regras de negócio e integração explícita,P2_CONFIRMED
1968,contracts/json-schema/CODEOWNERS,contract,CONTRATOS E MODELOS,contracts,outro,A Mapear,A Mapear,Ausente,Ausente,Ausente,BAIXO,BAIXO,BAIXO,BAIXO,MEDIO,NAO,P2,Capacidade identificada como contract,ALTA,Regras de negócio e integração explícita,P2_CONFIRMED
2010,contracts/openapi/.tool-versions,contract,CONTRATOS E MODELOS,contracts,outro,A Mapear,A Mapear,Ausente,Ausente,Ausente,BAIXO,BAIXO,BAIXO,BAIXO,MEDIO,NAO,P2,Capacidade identificada como contract,ALTA,Regras de negócio e integração explícita,P2_CONFIRMED
2012,contracts/openapi/CODEOWNERS,contract,CONTRATOS E MODELOS,contracts,outro,A Mapear,A Mapear,Ausente,Ausente,Ausente,BAIXO,BAIXO,BAIXO,BAIXO,MEDIO,NAO,P2,Capacidade identificada como contract,ALTA,Regras de negócio e integração explícita,P2_CONFIRMED
2060,contracts/sdk/.tool-versions,contract,CONTRATOS E MODELOS,contracts,outro,A Mapear,A Mapear,Ausente,Ausente,Ausente,BAIXO,BAIXO,BAIXO,BAIXO,MEDIO,NAO,P2,Capacidade identificada como contract,ALTA,Regras de negócio e integração explícita,P2_CONFIRMED
2097,design-system/android/.tool-versions,android,DESIGN SYSTEM MULTIPLATAFORMA,design-system,outro,A Mapear,A Mapear,Ausente,Ausente,Ausente,BAIXO,BAIXO,BAIXO,BAIXO,MEDIO,NAO,P2,Capacidade identificada como android,ALTA,Regras de negócio e integração explícita,P2_CONFIRMED
2099,design-system/android/CODEOWNERS,android,DESIGN SYSTEM MULTIPLATAFORMA,design-system,outro,A Mapear,A Mapear,Ausente,Ausente,Ausente,BAIXO,BAIXO,BAIXO,BAIXO,MEDIO,NAO,P2,Capacidade identificada como android,ALTA,Regras de negócio e integração explícita,P2_CONFIRMED
2134,design-system/documentation/.tool-versions,Indefinida,DESIGN SYSTEM MULTIPLATAFORMA,design-system,outro,A Mapear,A Mapear,Ausente,Ausente,Ausente,BAIXO,BAIXO,BAIXO,BAIXO,MEDIO,NAO,P2,Capacidade identificada como Indefinida,ALTA,Regras de negócio e integração explícita,P2_CONFIRMED
2136,design-system/documentation/CODEOWNERS,Indefinida,DESIGN SYSTEM MULTIPLATAFORMA,design-system,outro,A Mapear,A Mapear,Ausente,Ausente,Ausente,BAIXO,BAIXO,BAIXO,BAIXO,MEDIO,NAO,P2,Capacidade identificada como Indefinida,ALTA,Regras de negócio e integração explícita,P2_CONFIRMED
2172,design-system/ios/.tool-versions,ios,DESIGN SYSTEM MULTIPLATAFORMA,design-system,outro,A Mapear,A Mapear,Ausente,Ausente,Ausente,BAIXO,BAIXO,BAIXO,BAIXO,MEDIO,NAO,P2,Capacidade identificada como ios,ALTA,Regras de negócio e integração explícita,P2_CONFIRMED
2174,design-system/ios/CODEOWNERS,ios,DESIGN SYSTEM MULTIPLATAFORMA,design-system,outro,A Mapear,A Mapear,Ausente,Ausente,Ausente,BAIXO,BAIXO,BAIXO,BAIXO,MEDIO,NAO,P2,Capacidade identificada como ios,ALTA,Regras de negócio e integração explícita,P2_CONFIRMED
2209,design-system/tokens/.tool-versions,Indefinida,DESIGN SYSTEM MULTIPLATAFORMA,design-system,outro,A Mapear,A Mapear,Ausente,Ausente,Ausente,BAIXO,BAIXO,BAIXO,BAIXO,MEDIO,NAO,P2,Capacidade identificada como Indefinida,ALTA,Regras de negócio e integração explícita,P2_CONFIRMED
2211,design-system/tokens/CODEOWNERS,Indefinida,DESIGN SYSTEM MULTIPLATAFORMA,design-system,outro,A Mapear,A Mapear,Ausente,Ausente,Ausente,BAIXO,BAIXO,BAIXO,BAIXO,MEDIO,NAO,P2,Capacidade identificada como Indefinida,ALTA,Regras de negócio e integração explícita,P2_CONFIRMED
2260,design-system/web/.tool-versions,web,DESIGN SYSTEM MULTIPLATAFORMA,design-system,outro,A Mapear,A Mapear,Ausente,Ausente,Ausente,BAIXO,BAIXO,BAIXO,BAIXO,MEDIO,NAO,P2,Capacidade identificada como web,ALTA,Regras de negócio e integração explícita,P2_CONFIRMED
2262,design-system/web/CODEOWNERS,web,DESIGN SYSTEM MULTIPLATAFORMA,design-system,outro,A Mapear,A Mapear,Ausente,Ausente,Ausente,BAIXO,BAIXO,BAIXO,BAIXO,MEDIO,NAO,P2,Capacidade identificada como web,ALTA,Regras de negócio e integração explícita,P2_CONFIRMED
2343,design-system/windows/.tool-versions,windows,DESIGN SYSTEM MULTIPLATAFORMA,design-system,outro,A Mapear,A Mapear,Ausente,Ausente,Ausente,BAIXO,BAIXO,BAIXO,BAIXO,MEDIO,NAO,P2,Capacidade identificada como windows,ALTA,Regras de negócio e integração explícita,P2_CONFIRMED
2345,design-system/windows/CODEOWNERS,windows,DESIGN SYSTEM MULTIPLATAFORMA,design-system,outro,A Mapear,A Mapear,Ausente,Ausente,Ausente,BAIXO,BAIXO,BAIXO,BAIXO,MEDIO,NAO,P2,Capacidade identificada como windows,ALTA,Regras de negócio e integração explícita,P2_CONFIRMED
2382,domains/accounting/.tool-versions,account,CONTROLE E CONFIABILIDADE,domains,outro,A Mapear,A Mapear,Ausente,Ausente,Ausente,BAIXO,BAIXO,BAIXO,BAIXO,MEDIO,NAO,P3,Capacidade identificada como account,ALTA,Regras de negócio e integração explícita,P3_CONFIRMED
2384,domains/accounting/CODEOWNERS,account,CONTROLE E CONFIABILIDADE,domains,outro,A Mapear,A Mapear,Ausente,Ausente,Ausente,BAIXO,BAIXO,BAIXO,BAIXO,MEDIO,NAO,P3,Capacidade identificada como account,ALTA,Regras de negócio e integração explícita,P3_CONFIRMED
2405,domains/cosif/.tool-versions,Indefinida,CONTROLE E CONFIABILIDADE,domains,outro,A Mapear,A Mapear,Ausente,Ausente,Ausente,BAIXO,BAIXO,BAIXO,BAIXO,MEDIO,NAO,P2,Capacidade identificada como Indefinida,ALTA,Regras de negócio e integração explícita,P2_CONFIRMED
2407,domains/cosif/CODEOWNERS,Indefinida,CONTROLE E CONFIABILIDADE,domains,outro,A Mapear,A Mapear,Ausente,Ausente,Ausente,BAIXO,BAIXO,BAIXO,BAIXO,MEDIO,NAO,P2,Capacidade identificada como Indefinida,ALTA,Regras de negócio e integração explícita,P2_CONFIRMED
2470,domains/accounts/.tool-versions,account,SERVIÇOS DE DOMÍNIO,domains,outro,A Mapear,A Mapear,Ausente,Ausente,Ausente,BAIXO,BAIXO,BAIXO,BAIXO,MEDIO,NAO,P3,Capacidade identificada como account,ALTA,Regras de negócio e integração explícita,P3_CONFIRMED
2472,domains/accounts/CODEOWNERS,account,SERVIÇOS DE DOMÍNIO,domains,outro,A Mapear,A Mapear,Ausente,Ausente,Ausente,BAIXO,BAIXO,BAIXO,BAIXO,MEDIO,NAO,P3,Capacidade identificada como account,ALTA,Regras de negócio e integração explícita,P3_CONFIRMED
2542,domains/aml/.tool-versions,aml,CONTROLE E CONFIABILIDADE,domains,outro,A Mapear,A Mapear,Ausente,Ausente,Ausente,BAIXO,BAIXO,BAIXO,BAIXO,MEDIO,NAO,P2,Capacidade identificada como aml,ALTA,Regras de negócio e integração explícita,P2_CONFIRMED
2544,domains/aml/CODEOWNERS,aml,CONTROLE E CONFIABILIDADE,domains,outro,A Mapear,A Mapear,Ausente,Ausente,Ausente,BAIXO,BAIXO,BAIXO,BAIXO,MEDIO,NAO,P2,Capacidade identificada como aml,ALTA,Regras de negócio e integração explícita,P2_CONFIRMED
2603,governance/audit/.tool-versions,audit,"CONTROLE, AUDITORIA E REGULATÓRIO",governance,outro,A Mapear,A Mapear,Ausente,Ausente,Ausente,BAIXO,BAIXO,BAIXO,BAIXO,MEDIO,NAO,P2,Capacidade identificada como audit,ALTA,Regras de negócio e integração explícita,P2_CONFIRMED
2605,governance/audit/CODEOWNERS,audit,"CONTROLE, AUDITORIA E REGULATÓRIO",governance,outro,A Mapear,A Mapear,Ausente,Ausente,Ausente,BAIXO,BAIXO,BAIXO,BAIXO,MEDIO,NAO,P2,Capacidade identificada como audit,ALTA,Regras de negócio e integração explícita,P2_CONFIRMED
2642,domains/balance/.tool-versions,Indefinida,SERVIÇOS DE DOMÍNIO,domains,outro,A Mapear,A Mapear,Ausente,Ausente,Ausente,BAIXO,BAIXO,BAIXO,BAIXO,MEDIO,NAO,P2,Capacidade identificada como Indefinida,ALTA,Regras de negócio e integração explícita,P2_CONFIRMED
2644,domains/balance/CODEOWNERS,Indefinida,SERVIÇOS DE DOMÍNIO,domains,outro,A Mapear,A Mapear,Ausente,Ausente,Ausente,BAIXO,BAIXO,BAIXO,BAIXO,MEDIO,NAO,P2,Capacidade identificada como Indefinida,ALTA,Regras de negócio e integração explícita,P2_CONFIRMED
2679,domains/card-authorization/.tool-versions,auth,SERVIÇOS DE DOMÍNIO,domains,outro,A Mapear,A Mapear,Ausente,Ausente,Ausente,BAIXO,BAIXO,BAIXO,BAIXO,MEDIO,NAO,P3,Capacidade identificada como auth,ALTA,Regras de negócio e integração explícita,P3_CONFIRMED
2681,domains/card-authorization/CODEOWNERS,auth,SERVIÇOS DE DOMÍNIO,domains,outro,A Mapear,A Mapear,Ausente,Ausente,Ausente,BAIXO,BAIXO,BAIXO,BAIXO,MEDIO,NAO,P3,Capacidade identificada como auth,ALTA,Regras de negócio e integração explícita,P3_CONFIRMED
2716,domains/card-clearing/.tool-versions,Indefinida,SERVIÇOS DE DOMÍNIO,domains,outro,A Mapear,A Mapear,Ausente,Ausente,Ausente,BAIXO,BAIXO,BAIXO,BAIXO,MEDIO,NAO,P2,Capacidade identificada como Indefinida,ALTA,Regras de negócio e integração explícita,P2_CONFIRMED
2718,domains/card-clearing/CODEOWNERS,Indefinida,SERVIÇOS DE DOMÍNIO,domains,outro,A Mapear,A Mapear,Ausente,Ausente,Ausente,BAIXO,BAIXO,BAIXO,BAIXO,MEDIO,NAO,P2,Capacidade identificada como Indefinida,ALTA,Regras de negócio e integração explícita,P2_CONFIRMED
2753,domains/cards/.tool-versions,Indefinida,SERVIÇOS DE DOMÍNIO,domains,outro,A Mapear,A Mapear,Ausente,Ausente,Ausente,BAIXO,BAIXO,BAIXO,BAIXO,MEDIO,NAO,P2,Capacidade identificada como Indefinida,ALTA,Regras de negócio e integração explícita,P2_CONFIRMED
2755,domains/cards/CODEOWNERS,Indefinida,SERVIÇOS DE DOMÍNIO,domains,outro,A Mapear,A Mapear,Ausente,Ausente,Ausente,BAIXO,BAIXO,BAIXO,BAIXO,MEDIO,NAO,P2,Capacidade identificada como Indefinida,ALTA,Regras de negócio e integração explícita,P2_CONFIRMED
2815,domains/case-management/.tool-versions,Indefinida,CONTROLE E CONFIABILIDADE,domains,outro,A Mapear,A Mapear,Ausente,Ausente,Ausente,BAIXO,BAIXO,BAIXO,BAIXO,MEDIO,NAO,P2,Capacidade identificada como Indefinida,ALTA,Regras de negócio e integração explícita,P2_CONFIRMED
2817,domains/case-management/CODEOWNERS,Indefinida,CONTROLE E CONFIABILIDADE,domains,outro,A Mapear,A Mapear,Ausente,Ausente,Ausente,BAIXO,BAIXO,BAIXO,BAIXO,MEDIO,NAO,P2,Capacidade identificada como Indefinida,ALTA,Regras de negócio e integração explícita,P2_CONFIRMED
2852,domains/consents/.tool-versions,Indefinida,SERVIÇOS DE DOMÍNIO,domains,outro,A Mapear,A Mapear,Ausente,Ausente,Ausente,BAIXO,BAIXO,BAIXO,BAIXO,MEDIO,NAO,P2,Capacidade identificada como Indefinida,ALTA,Regras de negócio e integração explícita,P2_CONFIRMED
2854,domains/consents/CODEOWNERS,Indefinida,SERVIÇOS DE DOMÍNIO,domains,outro,A Mapear,A Mapear,Ausente,Ausente,Ausente,BAIXO,BAIXO,BAIXO,BAIXO,MEDIO,NAO,P2,Capacidade identificada como Indefinida,ALTA,Regras de negócio e integração explícita,P2_CONFIRMED
2889,domains/credit-decision/.tool-versions,ci,SERVIÇOS DE DOMÍNIO,domains,outro,A Mapear,A Mapear,Ausente,Ausente,Ausente,BAIXO,BAIXO,BAIXO,BAIXO,MEDIO,NAO,P2,Capacidade identificada como ci,ALTA,Regras de negócio e integração explícita,P2_CONFIRMED
2891,domains/credit-decision/CODEOWNERS,ci,SERVIÇOS DE DOMÍNIO,domains,outro,A Mapear,A Mapear,Ausente,Ausente,Ausente,BAIXO,BAIXO,BAIXO,BAIXO,MEDIO,NAO,P2,Capacidade identificada como ci,ALTA,Regras de negócio e integração explícita,P2_CONFIRMED
2926,domains/credit-origination/.tool-versions,Indefinida,SERVIÇOS DE DOMÍNIO,domains,outro,A Mapear,A Mapear,Ausente,Ausente,Ausente,BAIXO,BAIXO,BAIXO,BAIXO,MEDIO,NAO,P2,Capacidade identificada como Indefinida,ALTA,Regras de negócio e integração explícita,P2_CONFIRMED
2928,domains/credit-origination/CODEOWNERS,Indefinida,SERVIÇOS DE DOMÍNIO,domains,outro,A Mapear,A Mapear,Ausente,Ausente,Ausente,BAIXO,BAIXO,BAIXO,BAIXO,MEDIO,NAO,P2,Capacidade identificada como Indefinida,ALTA,Regras de negócio e integração explícita,P2_CONFIRMED
2963,domains/credit/.tool-versions,Indefinida,CONTROLE E CONFIABILIDADE,domains,outro,A Mapear,A Mapear,Ausente,Ausente,Ausente,BAIXO,BAIXO,BAIXO,BAIXO,MEDIO,NAO,P2,Capacidade identificada como Indefinida,ALTA,Regras de negócio e integração explícita,P2_CONFIRMED
2965,domains/credit/CODEOWNERS,Indefinida,CONTROLE E CONFIABILIDADE,domains,outro,A Mapear,A Mapear,Ausente,Ausente,Ausente,BAIXO,BAIXO,BAIXO,BAIXO,MEDIO,NAO,P2,Capacidade identificada como Indefinida,ALTA,Regras de negócio e integração explícita,P2_CONFIRMED
3022,domains/custody-positions/.tool-versions,Indefinida,SERVIÇOS DE DOMÍNIO,domains,outro,A Mapear,A Mapear,Ausente,Ausente,Ausente,BAIXO,BAIXO,BAIXO,BAIXO,MEDIO,NAO,P2,Capacidade identificada como Indefinida,ALTA,Regras de negócio e integração explícita,P2_CONFIRMED
3024,domains/custody-positions/CODEOWNERS,Indefinida,SERVIÇOS DE DOMÍNIO,domains,outro,A Mapear,A Mapear,Ausente,Ausente,Ausente,BAIXO,BAIXO,BAIXO,BAIXO,MEDIO,NAO,P2,Capacidade identificada como Indefinida,ALTA,Regras de negócio e integração explícita,P2_CONFIRMED
3059,domains/customer-support/.tool-versions,customer,SERVIÇOS DE DOMÍNIO,domains,outro,A Mapear,A Mapear,Ausente,Ausente,Ausente,BAIXO,BAIXO,BAIXO,BAIXO,MEDIO,NAO,P3,Capacidade identificada como customer,ALTA,Regras de negócio e integração explícita,P3_CONFIRMED
3061,domains/customer-support/CODEOWNERS,customer,SERVIÇOS DE DOMÍNIO,domains,outro,A Mapear,A Mapear,Ausente,Ausente,Ausente,BAIXO,BAIXO,BAIXO,BAIXO,MEDIO,NAO,P3,Capacidade identificada como customer,ALTA,Regras de negócio e integração explícita,P3_CONFIRMED
3096,domains/customers/.tool-versions,customer,SERVIÇOS DE DOMÍNIO,domains,outro,A Mapear,A Mapear,Ausente,Ausente,Ausente,BAIXO,BAIXO,BAIXO,BAIXO,MEDIO,NAO,P3,Capacidade identificada como customer,ALTA,Regras de negócio e integração explícita,P3_CONFIRMED
3098,domains/customers/CODEOWNERS,customer,SERVIÇOS DE DOMÍNIO,domains,outro,A Mapear,A Mapear,Ausente,Ausente,Ausente,BAIXO,BAIXO,BAIXO,BAIXO,MEDIO,NAO,P3,Capacidade identificada como customer,ALTA,Regras de negócio e integração explícita,P3_CONFIRMED
3172,domains/device-trust/.tool-versions,Indefinida,SERVIÇOS DE DOMÍNIO,domains,outro,A Mapear,A Mapear,Ausente,Ausente,Ausente,BAIXO,BAIXO,BAIXO,BAIXO,MEDIO,NAO,P2,Capacidade identificada como Indefinida,ALTA,Regras de negócio e integração explícita,P2_CONFIRMED
3174,domains/device-trust/CODEOWNERS,Indefinida,SERVIÇOS DE DOMÍNIO,domains,outro,A Mapear,A Mapear,Ausente,Ausente,Ausente,BAIXO,BAIXO,BAIXO,BAIXO,MEDIO,NAO,P2,Capacidade identificada como Indefinida,ALTA,Regras de negócio e integração explícita,P2_CONFIRMED
3209,domains/disputes/.tool-versions,Indefinida,SERVIÇOS DE DOMÍNIO,domains,outro,A Mapear,A Mapear,Ausente,Ausente,Ausente,BAIXO,BAIXO,BAIXO,BAIXO,MEDIO,NAO,P2,Capacidade identificada como Indefinida,ALTA,Regras de negócio e integração explícita,P2_CONFIRMED
3211,domains/disputes/CODEOWNERS,Indefinida,SERVIÇOS DE DOMÍNIO,domains,outro,A Mapear,A Mapear,Ausente,Ausente,Ausente,BAIXO,BAIXO,BAIXO,BAIXO,MEDIO,NAO,P2,Capacidade identificada como Indefinida,ALTA,Regras de negócio e integração explícita,P2_CONFIRMED
3246,domains/documents/.tool-versions,Indefinida,SERVIÇOS DE DOMÍNIO,domains,outro,A Mapear,A Mapear,Ausente,Ausente,Ausente,BAIXO,BAIXO,BAIXO,BAIXO,MEDIO,NAO,P2,Capacidade identificada como Indefinida,ALTA,Regras de negócio e integração explícita,P2_CONFIRMED
3248,domains/documents/CODEOWNERS,Indefinida,SERVIÇOS DE DOMÍNIO,domains,outro,A Mapear,A Mapear,Ausente,Ausente,Ausente,BAIXO,BAIXO,BAIXO,BAIXO,MEDIO,NAO,P2,Capacidade identificada como Indefinida,ALTA,Regras de negócio e integração explícita,P2_CONFIRMED
3283,domains/fees/.tool-versions,Indefinida,SERVIÇOS DE DOMÍNIO,domains,outro,A Mapear,A Mapear,Ausente,Ausente,Ausente,BAIXO,BAIXO,BAIXO,BAIXO,MEDIO,NAO,P2,Capacidade identificada como Indefinida,ALTA,Regras de negócio e integração explícita,P2_CONFIRMED
3285,domains/fees/CODEOWNERS,Indefinida,SERVIÇOS DE DOMÍNIO,domains,outro,A Mapear,A Mapear,Ausente,Ausente,Ausente,BAIXO,BAIXO,BAIXO,BAIXO,MEDIO,NAO,P2,Capacidade identificada como Indefinida,ALTA,Regras de negócio e integração explícita,P2_CONFIRMED
3333,domains/fraud/.tool-versions,fraud,CONTROLE E CONFIABILIDADE,domains,outro,A Mapear,A Mapear,Ausente,Ausente,Ausente,BAIXO,BAIXO,BAIXO,BAIXO,MEDIO,NAO,P2,Capacidade identificada como fraud,ALTA,Regras de negócio e integração explícita,P2_CONFIRMED
3335,domains/fraud/CODEOWNERS,fraud,CONTROLE E CONFIABILIDADE,domains,outro,A Mapear,A Mapear,Ausente,Ausente,Ausente,BAIXO,BAIXO,BAIXO,BAIXO,MEDIO,NAO,P2,Capacidade identificada como fraud,ALTA,Regras de negócio e integração explícita,P2_CONFIRMED
3388,domains/fx/.tool-versions,Indefinida,SERVIÇOS DE DOMÍNIO,domains,outro,A Mapear,A Mapear,Ausente,Ausente,Ausente,BAIXO,BAIXO,BAIXO,BAIXO,MEDIO,NAO,P2,Capacidade identificada como Indefinida,ALTA,Regras de negócio e integração explícita,P2_CONFIRMED
3390,domains/fx/CODEOWNERS,Indefinida,SERVIÇOS DE DOMÍNIO,domains,outro,A Mapear,A Mapear,Ausente,Ausente,Ausente,BAIXO,BAIXO,BAIXO,BAIXO,MEDIO,NAO,P2,Capacidade identificada como Indefinida,ALTA,Regras de negócio e integração explícita,P2_CONFIRMED
3425,domains/identity/.tool-versions,identity,SERVIÇOS DE DOMÍNIO,domains,outro,A Mapear,A Mapear,Ausente,Ausente,Ausente,BAIXO,BAIXO,BAIXO,BAIXO,MEDIO,NAO,P3,Capacidade identificada como identity,ALTA,Regras de negócio e integração explícita,P3_CONFIRMED
3427,domains/identity/CODEOWNERS,identity,SERVIÇOS DE DOMÍNIO,domains,outro,A Mapear,A Mapear,Ausente,Ausente,Ausente,BAIXO,BAIXO,BAIXO,BAIXO,MEDIO,NAO,P3,Capacidade identificada como identity,ALTA,Regras de negócio e integração explícita,P3_CONFIRMED
3461,domains/kyc/.tool-versions,kyc,CONTROLE E CONFIABILIDADE,domains,outro,A Mapear,A Mapear,Ausente,Ausente,Ausente,BAIXO,BAIXO,BAIXO,BAIXO,MEDIO,NAO,P2,Capacidade identificada como kyc,ALTA,Regras de negócio e integração explícita,P2_CONFIRMED
3463,domains/kyc/CODEOWNERS,kyc,CONTROLE E CONFIABILIDADE,domains,outro,A Mapear,A Mapear,Ausente,Ausente,Ausente,BAIXO,BAIXO,BAIXO,BAIXO,MEDIO,NAO,P2,Capacidade identificada como kyc,ALTA,Regras de negócio e integração explícita,P2_CONFIRMED
3548,domains/investment-orders/.tool-versions,Indefinida,SERVIÇOS DE DOMÍNIO,domains,outro,A Mapear,A Mapear,Ausente,Ausente,Ausente,BAIXO,BAIXO,BAIXO,BAIXO,MEDIO,NAO,P2,Capacidade identificada como Indefinida,ALTA,Regras de negócio e integração explícita,P2_CONFIRMED
3550,domains/investment-orders/CODEOWNERS,Indefinida,SERVIÇOS DE DOMÍNIO,domains,outro,A Mapear,A Mapear,Ausente,Ausente,Ausente,BAIXO,BAIXO,BAIXO,BAIXO,MEDIO,NAO,P2,Capacidade identificada como Indefinida,ALTA,Regras de negócio e integração explícita,P2_CONFIRMED
3613,domains/invoices/.tool-versions,Indefinida,SERVIÇOS DE DOMÍNIO,domains,outro,A Mapear,A Mapear,Ausente,Ausente,Ausente,BAIXO,BAIXO,BAIXO,BAIXO,MEDIO,NAO,P2,Capacidade identificada como Indefinida,ALTA,Regras de negócio e integração explícita,P2_CONFIRMED
3615,domains/invoices/CODEOWNERS,Indefinida,SERVIÇOS DE DOMÍNIO,domains,outro,A Mapear,A Mapear,Ausente,Ausente,Ausente,BAIXO,BAIXO,BAIXO,BAIXO,MEDIO,NAO,P2,Capacidade identificada como Indefinida,ALTA,Regras de negócio e integração explícita,P2_CONFIRMED
3650,domains/ledger/.tool-versions,ledger,SERVIÇOS DE DOMÍNIO,domains,outro,A Mapear,A Mapear,Ausente,Ausente,Ausente,BAIXO,BAIXO,BAIXO,BAIXO,MEDIO,NAO,P3,Capacidade identificada como ledger,ALTA,Regras de negócio e integração explícita,P3_CONFIRMED
3652,domains/ledger/CODEOWNERS,ledger,SERVIÇOS DE DOMÍNIO,domains,outro,A Mapear,A Mapear,Ausente,Ausente,Ausente,BAIXO,BAIXO,BAIXO,BAIXO,MEDIO,NAO,P3,Capacidade identificada como ledger,ALTA,Regras de negócio e integração explícita,P3_CONFIRMED
3761,domains/limits/.tool-versions,Indefinida,SERVIÇOS DE DOMÍNIO,domains,outro,A Mapear,A Mapear,Ausente,Ausente,Ausente,BAIXO,BAIXO,BAIXO,BAIXO,MEDIO,NAO,P2,Capacidade identificada como Indefinida,ALTA,Regras de negócio e integração explícita,P2_CONFIRMED
3763,domains/limits/CODEOWNERS,Indefinida,SERVIÇOS DE DOMÍNIO,domains,outro,A Mapear,A Mapear,Ausente,Ausente,Ausente,BAIXO,BAIXO,BAIXO,BAIXO,MEDIO,NAO,P2,Capacidade identificada como Indefinida,ALTA,Regras de negócio e integração explícita,P2_CONFIRMED
3811,domains/loan-servicing/.tool-versions,ci,SERVIÇOS DE DOMÍNIO,domains,outro,A Mapear,A Mapear,Ausente,Ausente,Ausente,BAIXO,BAIXO,BAIXO,BAIXO,MEDIO,NAO,P2,Capacidade identificada como ci,ALTA,Regras de negócio e integração explícita,P2_CONFIRMED
3813,domains/loan-servicing/CODEOWNERS,ci,SERVIÇOS DE DOMÍNIO,domains,outro,A Mapear,A Mapear,Ausente,Ausente,Ausente,BAIXO,BAIXO,BAIXO,BAIXO,MEDIO,NAO,P2,Capacidade identificada como ci,ALTA,Regras de negócio e integração explícita,P2_CONFIRMED
3848,domains/notifications/.tool-versions,notification,SERVIÇOS DE DOMÍNIO,domains,outro,A Mapear,A Mapear,Ausente,Ausente,Ausente,BAIXO,BAIXO,BAIXO,BAIXO,MEDIO,NAO,P2,Capacidade identificada como notification,ALTA,Regras de negócio e integração explícita,P2_CONFIRMED
3850,domains/notifications/CODEOWNERS,notification,SERVIÇOS DE DOMÍNIO,domains,outro,A Mapear,A Mapear,Ausente,Ausente,Ausente,BAIXO,BAIXO,BAIXO,BAIXO,MEDIO,NAO,P2,Capacidade identificada como notification,ALTA,Regras de negócio e integração explícita,P2_CONFIRMED
3903,domains/onboarding/.tool-versions,Indefinida,SERVIÇOS DE DOMÍNIO,domains,outro,A Mapear,A Mapear,Ausente,Ausente,Ausente,BAIXO,BAIXO,BAIXO,BAIXO,MEDIO,NAO,P2,Capacidade identificada como Indefinida,ALTA,Regras de negócio e integração explícita,P2_CONFIRMED
3905,domains/onboarding/CODEOWNERS,Indefinida,SERVIÇOS DE DOMÍNIO,domains,outro,A Mapear,A Mapear,Ausente,Ausente,Ausente,BAIXO,BAIXO,BAIXO,BAIXO,MEDIO,NAO,P2,Capacidade identificada como Indefinida,ALTA,Regras de negócio e integração explícita,P2_CONFIRMED
3940,domains/payment-orchestrator/.tool-versions,payment,SERVIÇOS DE DOMÍNIO,domains,outro,A Mapear,A Mapear,Ausente,Ausente,Ausente,BAIXO,BAIXO,BAIXO,BAIXO,MEDIO,NAO,P3,Capacidade identificada como payment,ALTA,Regras de negócio e integração explícita,P3_CONFIRMED
4012,domains/pix/.tool-versions,pix,SERVIÇOS DE DOMÍNIO,domains,outro,A Mapear,A Mapear,Ausente,Ausente,Ausente,BAIXO,BAIXO,BAIXO,BAIXO,MEDIO,NAO,P3,Capacidade identificada como pix,ALTA,Regras de negócio e integração explícita,P3_CONFIRMED
4014,domains/pix/CODEOWNERS,pix,SERVIÇOS DE DOMÍNIO,domains,outro,A Mapear,A Mapear,Ausente,Ausente,Ausente,BAIXO,BAIXO,BAIXO,BAIXO,MEDIO,NAO,P3,Capacidade identificada como pix,ALTA,Regras de negócio e integração explícita,P3_CONFIRMED
4088,domains/product-catalog/.tool-versions,Indefinida,SERVIÇOS DE DOMÍNIO,domains,outro,A Mapear,A Mapear,Ausente,Ausente,Ausente,BAIXO,BAIXO,BAIXO,BAIXO,MEDIO,NAO,P2,Capacidade identificada como Indefinida,ALTA,Regras de negócio e integração explícita,P2_CONFIRMED
4090,domains/product-catalog/CODEOWNERS,Indefinida,SERVIÇOS DE DOMÍNIO,domains,outro,A Mapear,A Mapear,Ausente,Ausente,Ausente,BAIXO,BAIXO,BAIXO,BAIXO,MEDIO,NAO,P2,Capacidade identificada como Indefinida,ALTA,Regras de negócio e integração explícita,P2_CONFIRMED
4125,domains/reconciliation/.tool-versions,reconciliation,CONTROLE E CONFIABILIDADE,domains,outro,A Mapear,A Mapear,Ausente,Ausente,Ausente,BAIXO,BAIXO,BAIXO,BAIXO,MEDIO,NAO,P3,Capacidade identificada como reconciliation,ALTA,Regras de negócio e integração explícita,P3_CONFIRMED
4127,domains/reconciliation/CODEOWNERS,reconciliation,CONTROLE E CONFIABILIDADE,domains,outro,A Mapear,A Mapear,Ausente,Ausente,Ausente,BAIXO,BAIXO,BAIXO,BAIXO,MEDIO,NAO,P3,Capacidade identificada como reconciliation,ALTA,Regras de negócio e integração explícita,P3_CONFIRMED
4183,governance/regulatory-reporting/.tool-versions,Indefinida,"CONTROLE, AUDITORIA E REGULATÓRIO",governance,outro,A Mapear,A Mapear,Ausente,Ausente,Ausente,BAIXO,BAIXO,BAIXO,BAIXO,MEDIO,NAO,P2,Capacidade identificada como Indefinida,ALTA,Regras de negócio e integração explícita,P2_CONFIRMED
4220,domains/sanctions/.tool-versions,Indefinida,CONTROLE E CONFIABILIDADE,domains,outro,A Mapear,A Mapear,Ausente,Ausente,Ausente,BAIXO,BAIXO,BAIXO,BAIXO,MEDIO,NAO,P2,Capacidade identificada como Indefinida,ALTA,Regras de negócio e integração explícita,P2_CONFIRMED
4222,domains/sanctions/CODEOWNERS,Indefinida,CONTROLE E CONFIABILIDADE,domains,outro,A Mapear,A Mapear,Ausente,Ausente,Ausente,BAIXO,BAIXO,BAIXO,BAIXO,MEDIO,NAO,P2,Capacidade identificada como Indefinida,ALTA,Regras de negócio e integração explícita,P2_CONFIRMED
4257,domains/session/.tool-versions,Indefinida,SERVIÇOS DE DOMÍNIO,domains,outro,A Mapear,A Mapear,Ausente,Ausente,Ausente,BAIXO,BAIXO,BAIXO,BAIXO,MEDIO,NAO,P2,Capacidade identificada como Indefinida,ALTA,Regras de negócio e integração explícita,P2_CONFIRMED
4259,domains/session/CODEOWNERS,Indefinida,SERVIÇOS DE DOMÍNIO,domains,outro,A Mapear,A Mapear,Ausente,Ausente,Ausente,BAIXO,BAIXO,BAIXO,BAIXO,MEDIO,NAO,P2,Capacidade identificada como Indefinida,ALTA,Regras de negócio e integração explícita,P2_CONFIRMED
4295,domains/statements/.tool-versions,Indefinida,SERVIÇOS DE DOMÍNIO,domains,outro,A Mapear,A Mapear,Ausente,Ausente,Ausente,BAIXO,BAIXO,BAIXO,BAIXO,MEDIO,NAO,P2,Capacidade identificada como Indefinida,ALTA,Regras de negócio e integração explícita,P2_CONFIRMED
4297,domains/statements/CODEOWNERS,Indefinida,SERVIÇOS DE DOMÍNIO,domains,outro,A Mapear,A Mapear,Ausente,Ausente,Ausente,BAIXO,BAIXO,BAIXO,BAIXO,MEDIO,NAO,P2,Capacidade identificada como Indefinida,ALTA,Regras de negócio e integração explícita,P2_CONFIRMED
4332,domains/transactions/.tool-versions,transaction,SERVIÇOS DE DOMÍNIO,domains,outro,A Mapear,A Mapear,Ausente,Ausente,Ausente,BAIXO,BAIXO,BAIXO,BAIXO,MEDIO,NAO,P3,Capacidade identificada como transaction,ALTA,Regras de negócio e integração explícita,P3_CONFIRMED
4334,domains/transactions/CODEOWNERS,transaction,SERVIÇOS DE DOMÍNIO,domains,outro,A Mapear,A Mapear,Ausente,Ausente,Ausente,BAIXO,BAIXO,BAIXO,BAIXO,MEDIO,NAO,P3,Capacidade identificada como transaction,ALTA,Regras de negócio e integração explícita,P3_CONFIRMED
5036,governance/policies/engineering/.tool-versions,ci,GOVERNANÇA,governance,outro,A Mapear,A Mapear,Ausente,Ausente,Ausente,BAIXO,BAIXO,BAIXO,BAIXO,MEDIO,NAO,P2,Capacidade identificada como ci,ALTA,Regras de negócio e integração explícita,P2_CONFIRMED
5079,governance/architecture/.tool-versions,Indefinida,GOVERNANÇA,governance,outro,A Mapear,A Mapear,Ausente,Ausente,Ausente,BAIXO,BAIXO,BAIXO,BAIXO,MEDIO,NAO,P2,Capacidade identificada como Indefinida,ALTA,Regras de negócio e integração explícita,P2_CONFIRMED
5081,governance/architecture/CODEOWNERS,Indefinida,GOVERNANÇA,governance,outro,A Mapear,A Mapear,Ausente,Ausente,Ausente,BAIXO,BAIXO,BAIXO,BAIXO,MEDIO,NAO,P2,Capacidade identificada como Indefinida,ALTA,Regras de negócio e integração explícita,P2_CONFIRMED
5135,governance/product/.tool-versions,Indefinida,GOVERNANÇA,governance,outro,A Mapear,A Mapear,Ausente,Ausente,Ausente,BAIXO,BAIXO,BAIXO,BAIXO,MEDIO,NAO,P2,Capacidade identificada como Indefinida,ALTA,Regras de negócio e integração explícita,P2_CONFIRMED
5137,governance/product/CODEOWNERS,Indefinida,GOVERNANÇA,governance,outro,A Mapear,A Mapear,Ausente,Ausente,Ausente,BAIXO,BAIXO,BAIXO,BAIXO,MEDIO,NAO,P2,Capacidade identificada como Indefinida,ALTA,Regras de negócio e integração explícita,P2_CONFIRMED
5472,governance/regulatory/aml/.tool-versions,aml,GOVERNANÇA REGULATÓRIA,governance,outro,A Mapear,A Mapear,Ausente,Ausente,Ausente,BAIXO,BAIXO,BAIXO,BAIXO,MEDIO,NAO,P2,Capacidade identificada como aml,ALTA,Regras de negócio e integração explícita,P2_CONFIRMED
5474,governance/regulatory/aml/CODEOWNERS,aml,GOVERNANÇA REGULATÓRIA,governance,outro,A Mapear,A Mapear,Ausente,Ausente,Ausente,BAIXO,BAIXO,BAIXO,BAIXO,MEDIO,NAO,P2,Capacidade identificada como aml,ALTA,Regras de negócio e integração explícita,P2_CONFIRMED
5510,governance/regulatory/card-pci/.tool-versions,ci,GOVERNANÇA REGULATÓRIA,governance,outro,A Mapear,A Mapear,Ausente,Ausente,Ausente,BAIXO,BAIXO,BAIXO,BAIXO,MEDIO,NAO,P2,Capacidade identificada como ci,ALTA,Regras de negócio e integração explícita,P2_CONFIRMED
5512,governance/regulatory/card-pci/CODEOWNERS,ci,GOVERNANÇA REGULATÓRIA,governance,outro,A Mapear,A Mapear,Ausente,Ausente,Ausente,BAIXO,BAIXO,BAIXO,BAIXO,MEDIO,NAO,P2,Capacidade identificada como ci,ALTA,Regras de negócio e integração explícita,P2_CONFIRMED
5548,governance/regulatory/cloud-outsourcing/.tool-versions,ci,GOVERNANÇA REGULATÓRIA,governance,outro,A Mapear,A Mapear,Ausente,Ausente,Ausente,BAIXO,BAIXO,BAIXO,BAIXO,MEDIO,NAO,P2,Capacidade identificada como ci,ALTA,Regras de negócio e integração explícita,P2_CONFIRMED
5586,governance/regulatory/cosif/.tool-versions,Indefinida,GOVERNANÇA REGULATÓRIA,governance,outro,A Mapear,A Mapear,Ausente,Ausente,Ausente,BAIXO,BAIXO,BAIXO,BAIXO,MEDIO,NAO,P2,Capacidade identificada como Indefinida,ALTA,Regras de negócio e integração explícita,P2_CONFIRMED
5588,governance/regulatory/cosif/CODEOWNERS,Indefinida,GOVERNANÇA REGULATÓRIA,governance,outro,A Mapear,A Mapear,Ausente,Ausente,Ausente,BAIXO,BAIXO,BAIXO,BAIXO,MEDIO,NAO,P2,Capacidade identificada como Indefinida,ALTA,Regras de negócio e integração explícita,P2_CONFIRMED
5624,governance/regulatory/cvm/.tool-versions,Indefinida,GOVERNANÇA REGULATÓRIA,governance,outro,A Mapear,A Mapear,Ausente,Ausente,Ausente,BAIXO,BAIXO,BAIXO,BAIXO,MEDIO,NAO,P2,Capacidade identificada como Indefinida,ALTA,Regras de negócio e integração explícita,P2_CONFIRMED
5626,governance/regulatory/cvm/CODEOWNERS,Indefinida,GOVERNANÇA REGULATÓRIA,governance,outro,A Mapear,A Mapear,Ausente,Ausente,Ausente,BAIXO,BAIXO,BAIXO,BAIXO,MEDIO,NAO,P2,Capacidade identificada como Indefinida,ALTA,Regras de negócio e integração explícita,P2_CONFIRMED
5662,governance/regulatory/cybersecurity/.tool-versions,security,GOVERNANÇA REGULATÓRIA,governance,outro,A Mapear,A Mapear,Ausente,Ausente,Ausente,BAIXO,BAIXO,BAIXO,BAIXO,MEDIO,NAO,P3,Capacidade identificada como security,ALTA,Regras de negócio e integração explícita,P3_CONFIRMED
5700,governance/regulatory/lgpd/.tool-versions,Indefinida,GOVERNANÇA REGULATÓRIA,governance,outro,A Mapear,A Mapear,Ausente,Ausente,Ausente,BAIXO,BAIXO,BAIXO,BAIXO,MEDIO,NAO,P2,Capacidade identificada como Indefinida,ALTA,Regras de negócio e integração explícita,P2_CONFIRMED
5702,governance/regulatory/lgpd/CODEOWNERS,Indefinida,GOVERNANÇA REGULATÓRIA,governance,outro,A Mapear,A Mapear,Ausente,Ausente,Ausente,BAIXO,BAIXO,BAIXO,BAIXO,MEDIO,NAO,P2,Capacidade identificada como Indefinida,ALTA,Regras de negócio e integração explícita,P2_CONFIRMED
5740,governance/regulatory/open-finance/.tool-versions,Indefinida,GOVERNANÇA REGULATÓRIA,governance,outro,A Mapear,A Mapear,Ausente,Ausente,Ausente,BAIXO,BAIXO,BAIXO,BAIXO,MEDIO,NAO,P2,Capacidade identificada como Indefinida,ALTA,Regras de negócio e integração explícita,P2_CONFIRMED
5778,governance/regulatory/pix/.tool-versions,pix,GOVERNANÇA REGULATÓRIA,governance,outro,A Mapear,A Mapear,Ausente,Ausente,Ausente,BAIXO,BAIXO,BAIXO,BAIXO,MEDIO,NAO,P3,Capacidade identificada como pix,ALTA,Regras de negócio e integração explícita,P3_CONFIRMED
5780,governance/regulatory/pix/CODEOWNERS,pix,GOVERNANÇA REGULATÓRIA,governance,outro,A Mapear,A Mapear,Ausente,Ausente,Ausente,BAIXO,BAIXO,BAIXO,BAIXO,MEDIO,NAO,P3,Capacidade identificada como pix,ALTA,Regras de negócio e integração explícita,P3_CONFIRMED
5816,governance/regulatory/reporting/.tool-versions,Indefinida,GOVERNANÇA REGULATÓRIA,governance,outro,A Mapear,A Mapear,Ausente,Ausente,Ausente,BAIXO,BAIXO,BAIXO,BAIXO,MEDIO,NAO,P2,Capacidade identificada como Indefinida,ALTA,Regras de negócio e integração explícita,P2_CONFIRMED
5854,governance/regulatory/sisbacen/.tool-versions,Indefinida,GOVERNANÇA REGULATÓRIA,governance,outro,A Mapear,A Mapear,Ausente,Ausente,Ausente,BAIXO,BAIXO,BAIXO,BAIXO,MEDIO,NAO,P2,Capacidade identificada como Indefinida,ALTA,Regras de negócio e integração explícita,P2_CONFIRMED
5856,governance/regulatory/sisbacen/CODEOWNERS,Indefinida,GOVERNANÇA REGULATÓRIA,governance,outro,A Mapear,A Mapear,Ausente,Ausente,Ausente,BAIXO,BAIXO,BAIXO,BAIXO,MEDIO,NAO,P2,Capacidade identificada como Indefinida,ALTA,Regras de negócio e integração explícita,P2_CONFIRMED
5892,governance/regulatory/sisorf/.tool-versions,Indefinida,GOVERNANÇA REGULATÓRIA,governance,outro,A Mapear,A Mapear,Ausente,Ausente,Ausente,BAIXO,BAIXO,BAIXO,BAIXO,MEDIO,NAO,P2,Capacidade identificada como Indefinida,ALTA,Regras de negócio e integração explícita,P2_CONFIRMED
5894,governance/regulatory/sisorf/CODEOWNERS,Indefinida,GOVERNANÇA REGULATÓRIA,governance,outro,A Mapear,A Mapear,Ausente,Ausente,Ausente,BAIXO,BAIXO,BAIXO,BAIXO,MEDIO,NAO,P2,Capacidade identificada como Indefinida,ALTA,Regras de negócio e integração explícita,P2_CONFIRMED
5930,governance/regulatory/susep/.tool-versions,Indefinida,GOVERNANÇA REGULATÓRIA,governance,outro,A Mapear,A Mapear,Ausente,Ausente,Ausente,BAIXO,BAIXO,BAIXO,BAIXO,MEDIO,NAO,P2,Capacidade identificada como Indefinida,ALTA,Regras de negócio e integração explícita,P2_CONFIRMED
5932,governance/regulatory/susep/CODEOWNERS,Indefinida,GOVERNANÇA REGULATÓRIA,governance,outro,A Mapear,A Mapear,Ausente,Ausente,Ausente,BAIXO,BAIXO,BAIXO,BAIXO,MEDIO,NAO,P2,Capacidade identificada como Indefinida,ALTA,Regras de negócio e integração explícita,P2_CONFIRMED
5968,governance/regulatory/unicad/.tool-versions,Indefinida,GOVERNANÇA REGULATÓRIA,governance,outro,A Mapear,A Mapear,Ausente,Ausente,Ausente,BAIXO,BAIXO,BAIXO,BAIXO,MEDIO,NAO,P2,Capacidade identificada como Indefinida,ALTA,Regras de negócio e integração explícita,P2_CONFIRMED
5970,governance/regulatory/unicad/CODEOWNERS,Indefinida,GOVERNANÇA REGULATÓRIA,governance,outro,A Mapear,A Mapear,Ausente,Ausente,Ausente,BAIXO,BAIXO,BAIXO,BAIXO,MEDIO,NAO,P2,Capacidade identificada como Indefinida,ALTA,Regras de negócio e integração explícita,P2_CONFIRMED
6021,governance/runbooks/operations/accounting/.tool-versions,account,OPERAÇÃO 24×7,governance,outro,A Mapear,A Mapear,Ausente,Ausente,Ausente,BAIXO,BAIXO,BAIXO,BAIXO,MEDIO,NAO,P3,Capacidade identificada como account,ALTA,Regras de negócio e integração explícita,P3_CONFIRMED
6058,governance/runbooks/operations/aml/.tool-versions,aml,OPERAÇÃO 24×7,governance,outro,A Mapear,A Mapear,Ausente,Ausente,Ausente,BAIXO,BAIXO,BAIXO,BAIXO,MEDIO,NAO,P2,Capacidade identificada como aml,ALTA,Regras de negócio e integração explícita,P2_CONFIRMED
6060,governance/runbooks/operations/aml/CODEOWNERS,aml,OPERAÇÃO 24×7,governance,outro,A Mapear,A Mapear,Ausente,Ausente,Ausente,BAIXO,BAIXO,BAIXO,BAIXO,MEDIO,NAO,P2,Capacidade identificada como aml,ALTA,Regras de negócio e integração explícita,P2_CONFIRMED
6095,governance/business-continuity/.tool-versions,Indefinida,OPERAÇÃO 24×7,governance,outro,A Mapear,A Mapear,Ausente,Ausente,Ausente,BAIXO,BAIXO,BAIXO,BAIXO,MEDIO,NAO,P2,Capacidade identificada como Indefinida,ALTA,Regras de negócio e integração explícita,P2_CONFIRMED
6132,governance/runbooks/operations/cards/.tool-versions,Indefinida,OPERAÇÃO 24×7,governance,outro,A Mapear,A Mapear,Ausente,Ausente,Ausente,BAIXO,BAIXO,BAIXO,BAIXO,MEDIO,NAO,P2,Capacidade identificada como Indefinida,ALTA,Regras de negócio e integração explícita,P2_CONFIRMED
6134,governance/runbooks/operations/cards/CODEOWNERS,Indefinida,OPERAÇÃO 24×7,governance,outro,A Mapear,A Mapear,Ausente,Ausente,Ausente,BAIXO,BAIXO,BAIXO,BAIXO,MEDIO,NAO,P2,Capacidade identificada como Indefinida,ALTA,Regras de negócio e integração explícita,P2_CONFIRMED
6169,governance/runbooks/operations/change-management/.tool-versions,Indefinida,OPERAÇÃO 24×7,governance,outro,A Mapear,A Mapear,Ausente,Ausente,Ausente,BAIXO,BAIXO,BAIXO,BAIXO,MEDIO,NAO,P2,Capacidade identificada como Indefinida,ALTA,Regras de negócio e integração explícita,P2_CONFIRMED
6206,governance/runbooks/operations/customer-support/.tool-versions,customer,OPERAÇÃO 24×7,governance,outro,A Mapear,A Mapear,Ausente,Ausente,Ausente,BAIXO,BAIXO,BAIXO,BAIXO,MEDIO,NAO,P3,Capacidade identificada como customer,ALTA,Regras de negócio e integração explícita,P3_CONFIRMED
6243,governance/runbooks/operations/fraud/.tool-versions,fraud,OPERAÇÃO 24×7,governance,outro,A Mapear,A Mapear,Ausente,Ausente,Ausente,BAIXO,BAIXO,BAIXO,BAIXO,MEDIO,NAO,P2,Capacidade identificada como fraud,ALTA,Regras de negócio e integração explícita,P2_CONFIRMED
6245,governance/runbooks/operations/fraud/CODEOWNERS,fraud,OPERAÇÃO 24×7,governance,outro,A Mapear,A Mapear,Ausente,Ausente,Ausente,BAIXO,BAIXO,BAIXO,BAIXO,MEDIO,NAO,P2,Capacidade identificada como fraud,ALTA,Regras de negócio e integração explícita,P2_CONFIRMED
6280,governance/runbooks/operations/incident-management/.tool-versions,ci,OPERAÇÃO 24×7,governance,outro,A Mapear,A Mapear,Ausente,Ausente,Ausente,BAIXO,BAIXO,BAIXO,BAIXO,MEDIO,NAO,P2,Capacidade identificada como ci,ALTA,Regras de negócio e integração explícita,P2_CONFIRMED
6317,governance/runbooks/operations/noc/.tool-versions,Indefinida,OPERAÇÃO 24×7,governance,outro,A Mapear,A Mapear,Ausente,Ausente,Ausente,BAIXO,BAIXO,BAIXO,BAIXO,MEDIO,NAO,P2,Capacidade identificada como Indefinida,ALTA,Regras de negócio e integração explícita,P2_CONFIRMED
6319,governance/runbooks/operations/noc/CODEOWNERS,Indefinida,OPERAÇÃO 24×7,governance,outro,A Mapear,A Mapear,Ausente,Ausente,Ausente,BAIXO,BAIXO,BAIXO,BAIXO,MEDIO,NAO,P2,Capacidade identificada como Indefinida,ALTA,Regras de negócio e integração explícita,P2_CONFIRMED
6354,governance/runbooks/operations/payment/.tool-versions,payment,OPERAÇÃO 24×7,governance,outro,A Mapear,A Mapear,Ausente,Ausente,Ausente,BAIXO,BAIXO,BAIXO,BAIXO,MEDIO,NAO,P3,Capacidade identificada como payment,ALTA,Regras de negócio e integração explícita,P3_CONFIRMED
6356,governance/runbooks/operations/payment/CODEOWNERS,payment,OPERAÇÃO 24×7,governance,outro,A Mapear,A Mapear,Ausente,Ausente,Ausente,BAIXO,BAIXO,BAIXO,BAIXO,MEDIO,NAO,P3,Capacidade identificada como payment,ALTA,Regras de negócio e integração explícita,P3_CONFIRMED
6391,governance/runbooks/operations/pix/.tool-versions,pix,OPERAÇÃO 24×7,governance,outro,A Mapear,A Mapear,Ausente,Ausente,Ausente,BAIXO,BAIXO,BAIXO,BAIXO,MEDIO,NAO,P3,Capacidade identificada como pix,ALTA,Regras de negócio e integração explícita,P3_CONFIRMED
6393,governance/runbooks/operations/pix/CODEOWNERS,pix,OPERAÇÃO 24×7,governance,outro,A Mapear,A Mapear,Ausente,Ausente,Ausente,BAIXO,BAIXO,BAIXO,BAIXO,MEDIO,NAO,P3,Capacidade identificada como pix,ALTA,Regras de negócio e integração explícita,P3_CONFIRMED
6428,governance/runbooks/operations/reconciliation/.tool-versions,reconciliation,OPERAÇÃO 24×7,governance,outro,A Mapear,A Mapear,Ausente,Ausente,Ausente,BAIXO,BAIXO,BAIXO,BAIXO,MEDIO,NAO,P3,Capacidade identificada como reconciliation,ALTA,Regras de negócio e integração explícita,P3_CONFIRMED
6465,governance/runbooks/operations/soc/.tool-versions,Indefinida,OPERAÇÃO 24×7,governance,outro,A Mapear,A Mapear,Ausente,Ausente,Ausente,BAIXO,BAIXO,BAIXO,BAIXO,MEDIO,NAO,P2,Capacidade identificada como Indefinida,ALTA,Regras de negócio e integração explícita,P2_CONFIRMED
6467,governance/runbooks/operations/soc/CODEOWNERS,Indefinida,OPERAÇÃO 24×7,governance,outro,A Mapear,A Mapear,Ausente,Ausente,Ausente,BAIXO,BAIXO,BAIXO,BAIXO,MEDIO,NAO,P2,Capacidade identificada como Indefinida,ALTA,Regras de negócio e integração explícita,P2_CONFIRMED
6502,governance/runbooks/operations/treasury/.tool-versions,Indefinida,OPERAÇÃO 24×7,governance,outro,A Mapear,A Mapear,Ausente,Ausente,Ausente,BAIXO,BAIXO,BAIXO,BAIXO,MEDIO,NAO,P2,Capacidade identificada como Indefinida,ALTA,Regras de negócio e integração explícita,P2_CONFIRMED
6504,governance/runbooks/operations/treasury/CODEOWNERS,Indefinida,OPERAÇÃO 24×7,governance,outro,A Mapear,A Mapear,Ausente,Ausente,Ausente,BAIXO,BAIXO,BAIXO,BAIXO,MEDIO,NAO,P2,Capacidade identificada como Indefinida,ALTA,Regras de negócio e integração explícita,P2_CONFIRMED
6539,platform/backups/.tool-versions,backup,PLATAFORMA E INFRAESTRUTURA,platform,outro,A Mapear,A Mapear,Ausente,Ausente,Ausente,BAIXO,BAIXO,BAIXO,BAIXO,MEDIO,NAO,P2,Capacidade identificada como backup,ALTA,Regras de negócio e integração explícita,P2_CONFIRMED
6541,platform/backups/CODEOWNERS,backup,PLATAFORMA E INFRAESTRUTURA,platform,outro,A Mapear,A Mapear,Ausente,Ausente,Ausente,BAIXO,BAIXO,BAIXO,BAIXO,MEDIO,NAO,P2,Capacidade identificada como backup,ALTA,Regras de negócio e integração explícita,P2_CONFIRMED
6576,platform/cache/.tool-versions,platform,PLATAFORMA E INFRAESTRUTURA,platform,outro,A Mapear,A Mapear,Ausente,Ausente,Ausente,BAIXO,BAIXO,BAIXO,BAIXO,MEDIO,NAO,P2,Capacidade identificada como platform,ALTA,Regras de negócio e integração explícita,P2_CONFIRMED
6578,platform/cache/CODEOWNERS,platform,PLATAFORMA E INFRAESTRUTURA,platform,outro,A Mapear,A Mapear,Ausente,Ausente,Ausente,BAIXO,BAIXO,BAIXO,BAIXO,MEDIO,NAO,P2,Capacidade identificada como platform,ALTA,Regras de negócio e integração explícita,P2_CONFIRMED
6616,platform/ci-cd/.tool-versions,ci,PLATAFORMA E INFRAESTRUTURA,platform,outro,A Mapear,A Mapear,Ausente,Ausente,Ausente,BAIXO,BAIXO,BAIXO,BAIXO,MEDIO,NAO,P2,Capacidade identificada como ci,ALTA,Regras de negócio e integração explícita,P2_CONFIRMED
6618,platform/ci-cd/CODEOWNERS,ci,PLATAFORMA E INFRAESTRUTURA,platform,outro,A Mapear,A Mapear,Ausente,Ausente,Ausente,BAIXO,BAIXO,BAIXO,BAIXO,MEDIO,NAO,P2,Capacidade identificada como ci,ALTA,Regras de negócio e integração explícita,P2_CONFIRMED
6658,platform/data/analytics/.tool-versions,platform,PLATAFORMA DE DADOS,platform,outro,A Mapear,A Mapear,Ausente,Ausente,Ausente,BAIXO,BAIXO,BAIXO,BAIXO,MEDIO,NAO,P2,Capacidade identificada como platform,ALTA,Regras de negócio e integração explícita,P2_CONFIRMED
6660,platform/data/analytics/CODEOWNERS,platform,PLATAFORMA DE DADOS,platform,outro,A Mapear,A Mapear,Ausente,Ausente,Ausente,BAIXO,BAIXO,BAIXO,BAIXO,MEDIO,NAO,P2,Capacidade identificada como platform,ALTA,Regras de negócio e integração explícita,P2_CONFIRMED
6695,platform/data/finance-reporting/.tool-versions,platform,PLATAFORMA DE DADOS,platform,outro,A Mapear,A Mapear,Ausente,Ausente,Ausente,BAIXO,BAIXO,BAIXO,BAIXO,MEDIO,NAO,P2,Capacidade identificada como platform,ALTA,Regras de negócio e integração explícita,P2_CONFIRMED
6732,platform/data/governance/.tool-versions,platform,PLATAFORMA DE DADOS,platform,outro,A Mapear,A Mapear,Ausente,Ausente,Ausente,BAIXO,BAIXO,BAIXO,BAIXO,MEDIO,NAO,P2,Capacidade identificada como platform,ALTA,Regras de negócio e integração explícita,P2_CONFIRMED
6734,platform/data/governance/CODEOWNERS,platform,PLATAFORMA DE DADOS,platform,outro,A Mapear,A Mapear,Ausente,Ausente,Ausente,BAIXO,BAIXO,BAIXO,BAIXO,MEDIO,NAO,P2,Capacidade identificada como platform,ALTA,Regras de negócio e integração explícita,P2_CONFIRMED
6769,platform/data/ingestion/.tool-versions,platform,PLATAFORMA DE DADOS,platform,outro,A Mapear,A Mapear,Ausente,Ausente,Ausente,BAIXO,BAIXO,BAIXO,BAIXO,MEDIO,NAO,P2,Capacidade identificada como platform,ALTA,Regras de negócio e integração explícita,P2_CONFIRMED
6771,platform/data/ingestion/CODEOWNERS,platform,PLATAFORMA DE DADOS,platform,outro,A Mapear,A Mapear,Ausente,Ausente,Ausente,BAIXO,BAIXO,BAIXO,BAIXO,MEDIO,NAO,P2,Capacidade identificada como platform,ALTA,Regras de negócio e integração explícita,P2_CONFIRMED
6806,platform/data/lake/.tool-versions,platform,PLATAFORMA DE DADOS,platform,outro,A Mapear,A Mapear,Ausente,Ausente,Ausente,BAIXO,BAIXO,BAIXO,BAIXO,MEDIO,NAO,P2,Capacidade identificada como platform,ALTA,Regras de negócio e integração explícita,P2_CONFIRMED
6808,platform/data/lake/CODEOWNERS,platform,PLATAFORMA DE DADOS,platform,outro,A Mapear,A Mapear,Ausente,Ausente,Ausente,BAIXO,BAIXO,BAIXO,BAIXO,MEDIO,NAO,P2,Capacidade identificada como platform,ALTA,Regras de negócio e integração explícita,P2_CONFIRMED
6843,platform/data/lineage/.tool-versions,platform,PLATAFORMA DE DADOS,platform,outro,A Mapear,A Mapear,Ausente,Ausente,Ausente,BAIXO,BAIXO,BAIXO,BAIXO,MEDIO,NAO,P2,Capacidade identificada como platform,ALTA,Regras de negócio e integração explícita,P2_CONFIRMED
6845,platform/data/lineage/CODEOWNERS,platform,PLATAFORMA DE DADOS,platform,outro,A Mapear,A Mapear,Ausente,Ausente,Ausente,BAIXO,BAIXO,BAIXO,BAIXO,MEDIO,NAO,P2,Capacidade identificada como platform,ALTA,Regras de negócio e integração explícita,P2_CONFIRMED
6880,platform/data/privacy/.tool-versions,platform,PLATAFORMA DE DADOS,platform,outro,A Mapear,A Mapear,Ausente,Ausente,Ausente,BAIXO,BAIXO,BAIXO,BAIXO,MEDIO,NAO,P2,Capacidade identificada como platform,ALTA,Regras de negócio e integração explícita,P2_CONFIRMED
6882,platform/data/privacy/CODEOWNERS,platform,PLATAFORMA DE DADOS,platform,outro,A Mapear,A Mapear,Ausente,Ausente,Ausente,BAIXO,BAIXO,BAIXO,BAIXO,MEDIO,NAO,P2,Capacidade identificada como platform,ALTA,Regras de negócio e integração explícita,P2_CONFIRMED
6917,platform/data/quality/.tool-versions,quality,PLATAFORMA DE DADOS,platform,outro,A Mapear,A Mapear,Ausente,Ausente,Ausente,BAIXO,BAIXO,BAIXO,BAIXO,MEDIO,NAO,P2,Capacidade identificada como quality,ALTA,Regras de negócio e integração explícita,P2_CONFIRMED
6919,platform/data/quality/CODEOWNERS,quality,PLATAFORMA DE DADOS,platform,outro,A Mapear,A Mapear,Ausente,Ausente,Ausente,BAIXO,BAIXO,BAIXO,BAIXO,MEDIO,NAO,P2,Capacidade identificada como quality,ALTA,Regras de negócio e integração explícita,P2_CONFIRMED
6954,platform/data/risk-models/.tool-versions,platform,PLATAFORMA DE DADOS,platform,outro,A Mapear,A Mapear,Ausente,Ausente,Ausente,BAIXO,BAIXO,BAIXO,BAIXO,MEDIO,NAO,P2,Capacidade identificada como platform,ALTA,Regras de negócio e integração explícita,P2_CONFIRMED
6956,platform/data/risk-models/CODEOWNERS,platform,PLATAFORMA DE DADOS,platform,outro,A Mapear,A Mapear,Ausente,Ausente,Ausente,BAIXO,BAIXO,BAIXO,BAIXO,MEDIO,NAO,P2,Capacidade identificada como platform,ALTA,Regras de negócio e integração explícita,P2_CONFIRMED
6991,platform/data/streaming/.tool-versions,platform,PLATAFORMA DE DADOS,platform,outro,A Mapear,A Mapear,Ausente,Ausente,Ausente,BAIXO,BAIXO,BAIXO,BAIXO,MEDIO,NAO,P2,Capacidade identificada como platform,ALTA,Regras de negócio e integração explícita,P2_CONFIRMED
6993,platform/data/streaming/CODEOWNERS,platform,PLATAFORMA DE DADOS,platform,outro,A Mapear,A Mapear,Ausente,Ausente,Ausente,BAIXO,BAIXO,BAIXO,BAIXO,MEDIO,NAO,P2,Capacidade identificada como platform,ALTA,Regras de negócio e integração explícita,P2_CONFIRMED
7028,platform/data/warehouse/.tool-versions,platform,PLATAFORMA DE DADOS,platform,outro,A Mapear,A Mapear,Ausente,Ausente,Ausente,BAIXO,BAIXO,BAIXO,BAIXO,MEDIO,NAO,P2,Capacidade identificada como platform,ALTA,Regras de negócio e integração explícita,P2_CONFIRMED
7030,platform/data/warehouse/CODEOWNERS,platform,PLATAFORMA DE DADOS,platform,outro,A Mapear,A Mapear,Ausente,Ausente,Ausente,BAIXO,BAIXO,BAIXO,BAIXO,MEDIO,NAO,P2,Capacidade identificada como platform,ALTA,Regras de negócio e integração explícita,P2_CONFIRMED
7065,platform/databases/.tool-versions,platform,PLATAFORMA E INFRAESTRUTURA,platform,outro,A Mapear,A Mapear,Ausente,Ausente,Ausente,BAIXO,BAIXO,BAIXO,BAIXO,MEDIO,NAO,P2,Capacidade identificada como platform,ALTA,Regras de negócio e integração explícita,P2_CONFIRMED
7067,platform/databases/CODEOWNERS,platform,PLATAFORMA E INFRAESTRUTURA,platform,outro,A Mapear,A Mapear,Ausente,Ausente,Ausente,BAIXO,BAIXO,BAIXO,BAIXO,MEDIO,NAO,P2,Capacidade identificada como platform,ALTA,Regras de negócio e integração explícita,P2_CONFIRMED
7113,platform/developer-portal/.tool-versions,platform,PLATAFORMA E INFRAESTRUTURA,platform,outro,A Mapear,A Mapear,Ausente,Ausente,Ausente,BAIXO,BAIXO,BAIXO,BAIXO,MEDIO,NAO,P2,Capacidade identificada como platform,ALTA,Regras de negócio e integração explícita,P2_CONFIRMED
7150,platform/disaster-recovery/.tool-versions,platform,PLATAFORMA E INFRAESTRUTURA,platform,outro,A Mapear,A Mapear,Ausente,Ausente,Ausente,BAIXO,BAIXO,BAIXO,BAIXO,MEDIO,NAO,P2,Capacidade identificada como platform,ALTA,Regras de negócio e integração explícita,P2_CONFIRMED
7187,platform/event-bus/.tool-versions,event,PLATAFORMA E INFRAESTRUTURA,platform,outro,A Mapear,A Mapear,Ausente,Ausente,Ausente,BAIXO,BAIXO,BAIXO,BAIXO,MEDIO,NAO,P2,Capacidade identificada como event,ALTA,Regras de negócio e integração explícita,P2_CONFIRMED
7189,platform/event-bus/CODEOWNERS,event,PLATAFORMA E INFRAESTRUTURA,platform,outro,A Mapear,A Mapear,Ausente,Ausente,Ausente,BAIXO,BAIXO,BAIXO,BAIXO,MEDIO,NAO,P2,Capacidade identificada como event,ALTA,Regras de negócio e integração explícita,P2_CONFIRMED
7234,platform/integrations/b3/.tool-versions,platform,MUNDO EXTERNO E ADAPTADORES,platform,outro,A Mapear,A Mapear,Ausente,Ausente,Ausente,BAIXO,BAIXO,BAIXO,BAIXO,MEDIO,NAO,P2,Capacidade identificada como platform,ALTA,Regras de negócio e integração explícita,P2_CONFIRMED
7236,platform/integrations/b3/CODEOWNERS,platform,MUNDO EXTERNO E ADAPTADORES,platform,outro,A Mapear,A Mapear,Ausente,Ausente,Ausente,BAIXO,BAIXO,BAIXO,BAIXO,MEDIO,NAO,P2,Capacidade identificada como platform,ALTA,Regras de negócio e integração explícita,P2_CONFIRMED
7272,platform/integrations/bacen/.tool-versions,platform,MUNDO EXTERNO E ADAPTADORES,platform,outro,A Mapear,A Mapear,Ausente,Ausente,Ausente,BAIXO,BAIXO,BAIXO,BAIXO,MEDIO,NAO,P2,Capacidade identificada como platform,ALTA,Regras de negócio e integração explícita,P2_CONFIRMED
7274,platform/integrations/bacen/CODEOWNERS,platform,MUNDO EXTERNO E ADAPTADORES,platform,outro,A Mapear,A Mapear,Ausente,Ausente,Ausente,BAIXO,BAIXO,BAIXO,BAIXO,MEDIO,NAO,P2,Capacidade identificada como platform,ALTA,Regras de negócio e integração explícita,P2_CONFIRMED
7310,platform/integrations/bureaus/.tool-versions,platform,MUNDO EXTERNO E ADAPTADORES,platform,outro,A Mapear,A Mapear,Ausente,Ausente,Ausente,BAIXO,BAIXO,BAIXO,BAIXO,MEDIO,NAO,P2,Capacidade identificada como platform,ALTA,Regras de negócio e integração explícita,P2_CONFIRMED
7312,platform/integrations/bureaus/CODEOWNERS,platform,MUNDO EXTERNO E ADAPTADORES,platform,outro,A Mapear,A Mapear,Ausente,Ausente,Ausente,BAIXO,BAIXO,BAIXO,BAIXO,MEDIO,NAO,P2,Capacidade identificada como platform,ALTA,Regras de negócio e integração explícita,P2_CONFIRMED
7348,platform/integrations/card-networks/.tool-versions,platform,MUNDO EXTERNO E ADAPTADORES,platform,outro,A Mapear,A Mapear,Ausente,Ausente,Ausente,BAIXO,BAIXO,BAIXO,BAIXO,MEDIO,NAO,P2,Capacidade identificada como platform,ALTA,Regras de negócio e integração explícita,P2_CONFIRMED
7386,platform/integrations/card-processor/.tool-versions,platform,MUNDO EXTERNO E ADAPTADORES,platform,outro,A Mapear,A Mapear,Ausente,Ausente,Ausente,BAIXO,BAIXO,BAIXO,BAIXO,MEDIO,NAO,P2,Capacidade identificada como platform,ALTA,Regras de negócio e integração explícita,P2_CONFIRMED
7424,platform/integrations/correspondents/.tool-versions,platform,MUNDO EXTERNO E ADAPTADORES,platform,outro,A Mapear,A Mapear,Ausente,Ausente,Ausente,BAIXO,BAIXO,BAIXO,BAIXO,MEDIO,NAO,P2,Capacidade identificada como platform,ALTA,Regras de negócio e integração explícita,P2_CONFIRMED
7462,platform/integrations/custody/.tool-versions,platform,MUNDO EXTERNO E ADAPTADORES,platform,outro,A Mapear,A Mapear,Ausente,Ausente,Ausente,BAIXO,BAIXO,BAIXO,BAIXO,MEDIO,NAO,P2,Capacidade identificada como platform,ALTA,Regras de negócio e integração explícita,P2_CONFIRMED
7464,platform/integrations/custody/CODEOWNERS,platform,MUNDO EXTERNO E ADAPTADORES,platform,outro,A Mapear,A Mapear,Ausente,Ausente,Ausente,BAIXO,BAIXO,BAIXO,BAIXO,MEDIO,NAO,P2,Capacidade identificada como platform,ALTA,Regras de negócio e integração explícita,P2_CONFIRMED
7500,platform/integrations/dict/.tool-versions,platform,MUNDO EXTERNO E ADAPTADORES,platform,outro,A Mapear,A Mapear,Ausente,Ausente,Ausente,BAIXO,BAIXO,BAIXO,BAIXO,MEDIO,NAO,P2,Capacidade identificada como platform,ALTA,Regras de negócio e integração explícita,P2_CONFIRMED
7502,platform/integrations/dict/CODEOWNERS,platform,MUNDO EXTERNO E ADAPTADORES,platform,outro,A Mapear,A Mapear,Ausente,Ausente,Ausente,BAIXO,BAIXO,BAIXO,BAIXO,MEDIO,NAO,P2,Capacidade identificada como platform,ALTA,Regras de negócio e integração explícita,P2_CONFIRMED
7538,platform/integrations/kyc-providers/.tool-versions,kyc,MUNDO EXTERNO E ADAPTADORES,platform,outro,A Mapear,A Mapear,Ausente,Ausente,Ausente,BAIXO,BAIXO,BAIXO,BAIXO,MEDIO,NAO,P2,Capacidade identificada como kyc,ALTA,Regras de negócio e integração explícita,P2_CONFIRMED
7577,platform/integrations/notifications/.tool-versions,notification,MUNDO EXTERNO E ADAPTADORES,platform,outro,A Mapear,A Mapear,Ausente,Ausente,Ausente,BAIXO,BAIXO,BAIXO,BAIXO,MEDIO,NAO,P2,Capacidade identificada como notification,ALTA,Regras de negócio e integração explícita,P2_CONFIRMED
7615,platform/integrations/open-finance/.tool-versions,platform,MUNDO EXTERNO E ADAPTADORES,platform,outro,A Mapear,A Mapear,Ausente,Ausente,Ausente,BAIXO,BAIXO,BAIXO,BAIXO,MEDIO,NAO,P2,Capacidade identificada como platform,ALTA,Regras de negócio e integração explícita,P2_CONFIRMED
7656,platform/integrations/spi/.tool-versions,platform,MUNDO EXTERNO E ADAPTADORES,platform,outro,A Mapear,A Mapear,Ausente,Ausente,Ausente,BAIXO,BAIXO,BAIXO,BAIXO,MEDIO,NAO,P2,Capacidade identificada como platform,ALTA,Regras de negócio e integração explícita,P2_CONFIRMED
7658,platform/integrations/spi/CODEOWNERS,platform,MUNDO EXTERNO E ADAPTADORES,platform,outro,A Mapear,A Mapear,Ausente,Ausente,Ausente,BAIXO,BAIXO,BAIXO,BAIXO,MEDIO,NAO,P2,Capacidade identificada como platform,ALTA,Regras de negócio e integração explícita,P2_CONFIRMED
7694,platform/integrations/susep/.tool-versions,platform,MUNDO EXTERNO E ADAPTADORES,platform,outro,A Mapear,A Mapear,Ausente,Ausente,Ausente,BAIXO,BAIXO,BAIXO,BAIXO,MEDIO,NAO,P2,Capacidade identificada como platform,ALTA,Regras de negócio e integração explícita,P2_CONFIRMED
7696,platform/integrations/susep/CODEOWNERS,platform,MUNDO EXTERNO E ADAPTADORES,platform,outro,A Mapear,A Mapear,Ausente,Ausente,Ausente,BAIXO,BAIXO,BAIXO,BAIXO,MEDIO,NAO,P2,Capacidade identificada como platform,ALTA,Regras de negócio e integração explícita,P2_CONFIRMED
7732,platform/integrations/swift/.tool-versions,platform,MUNDO EXTERNO E ADAPTADORES,platform,outro,A Mapear,A Mapear,Ausente,Ausente,Ausente,BAIXO,BAIXO,BAIXO,BAIXO,MEDIO,NAO,P2,Capacidade identificada como platform,ALTA,Regras de negócio e integração explícita,P2_CONFIRMED
7734,platform/integrations/swift/CODEOWNERS,platform,MUNDO EXTERNO E ADAPTADORES,platform,outro,A Mapear,A Mapear,Ausente,Ausente,Ausente,BAIXO,BAIXO,BAIXO,BAIXO,MEDIO,NAO,P2,Capacidade identificada como platform,ALTA,Regras de negócio e integração explícita,P2_CONFIRMED
7770,platform/kms-hsm/.tool-versions,platform,PLATAFORMA E INFRAESTRUTURA,platform,outro,A Mapear,A Mapear,Ausente,Ausente,Ausente,BAIXO,BAIXO,BAIXO,BAIXO,MEDIO,NAO,P2,Capacidade identificada como platform,ALTA,Regras de negócio e integração explícita,P2_CONFIRMED
7772,platform/kms-hsm/CODEOWNERS,platform,PLATAFORMA E INFRAESTRUTURA,platform,outro,A Mapear,A Mapear,Ausente,Ausente,Ausente,BAIXO,BAIXO,BAIXO,BAIXO,MEDIO,NAO,P2,Capacidade identificada como platform,ALTA,Regras de negócio e integração explícita,P2_CONFIRMED
7807,platform/kubernetes/.tool-versions,kubernetes,PLATAFORMA E INFRAESTRUTURA,platform,outro,A Mapear,A Mapear,Ausente,Ausente,Ausente,BAIXO,BAIXO,BAIXO,BAIXO,MEDIO,NAO,P2,Capacidade identificada como kubernetes,ALTA,Regras de negócio e integração explícita,P2_CONFIRMED
7809,platform/kubernetes/CODEOWNERS,kubernetes,PLATAFORMA E INFRAESTRUTURA,platform,outro,A Mapear,A Mapear,Ausente,Ausente,Ausente,BAIXO,BAIXO,BAIXO,BAIXO,MEDIO,NAO,P2,Capacidade identificada como kubernetes,ALTA,Regras de negócio e integração explícita,P2_CONFIRMED
7856,platform/object-storage/.tool-versions,platform,PLATAFORMA E INFRAESTRUTURA,platform,outro,A Mapear,A Mapear,Ausente,Ausente,Ausente,BAIXO,BAIXO,BAIXO,BAIXO,MEDIO,NAO,P2,Capacidade identificada como platform,ALTA,Regras de negócio e integração explícita,P2_CONFIRMED
7893,platform/observability/.tool-versions,observability,PLATAFORMA E INFRAESTRUTURA,platform,outro,A Mapear,A Mapear,Ausente,Ausente,Ausente,BAIXO,BAIXO,BAIXO,BAIXO,MEDIO,NAO,P2,Capacidade identificada como observability,ALTA,Regras de negócio e integração explícita,P2_CONFIRMED
7942,platform/secrets/.tool-versions,platform,PLATAFORMA E INFRAESTRUTURA,platform,outro,A Mapear,A Mapear,Ausente,Ausente,Ausente,BAIXO,BAIXO,BAIXO,BAIXO,MEDIO,NAO,P2,Capacidade identificada como platform,ALTA,Regras de negócio e integração explícita,P2_CONFIRMED
7944,platform/secrets/CODEOWNERS,platform,PLATAFORMA E INFRAESTRUTURA,platform,outro,A Mapear,A Mapear,Ausente,Ausente,Ausente,BAIXO,BAIXO,BAIXO,BAIXO,MEDIO,NAO,P2,Capacidade identificada como platform,ALTA,Regras de negócio e integração explícita,P2_CONFIRMED
7979,platform/security/appsec/.tool-versions,security,SEGURANÇA TRANSVERSAL,platform,outro,A Mapear,A Mapear,Ausente,Ausente,Ausente,BAIXO,BAIXO,BAIXO,BAIXO,MEDIO,NAO,P3,Capacidade identificada como security,ALTA,Regras de negócio e integração explícita,P3_CONFIRMED
7981,platform/security/appsec/CODEOWNERS,security,SEGURANÇA TRANSVERSAL,platform,outro,A Mapear,A Mapear,Ausente,Ausente,Ausente,BAIXO,BAIXO,BAIXO,BAIXO,MEDIO,NAO,P3,Capacidade identificada como security,ALTA,Regras de negócio e integração explícita,P3_CONFIRMED
8016,platform/security/cloud/.tool-versions,security,SEGURANÇA TRANSVERSAL,platform,outro,A Mapear,A Mapear,Ausente,Ausente,Ausente,BAIXO,BAIXO,BAIXO,BAIXO,MEDIO,NAO,P3,Capacidade identificada como security,ALTA,Regras de negócio e integração explícita,P3_CONFIRMED
8018,platform/security/cloud/CODEOWNERS,security,SEGURANÇA TRANSVERSAL,platform,outro,A Mapear,A Mapear,Ausente,Ausente,Ausente,BAIXO,BAIXO,BAIXO,BAIXO,MEDIO,NAO,P3,Capacidade identificada como security,ALTA,Regras de negócio e integração explícita,P3_CONFIRMED
8053,platform/security/detection/.tool-versions,security,SEGURANÇA TRANSVERSAL,platform,outro,A Mapear,A Mapear,Ausente,Ausente,Ausente,BAIXO,BAIXO,BAIXO,BAIXO,MEDIO,NAO,P3,Capacidade identificada como security,ALTA,Regras de negócio e integração explícita,P3_CONFIRMED
8055,platform/security/detection/CODEOWNERS,security,SEGURANÇA TRANSVERSAL,platform,outro,A Mapear,A Mapear,Ausente,Ausente,Ausente,BAIXO,BAIXO,BAIXO,BAIXO,MEDIO,NAO,P3,Capacidade identificada como security,ALTA,Regras de negócio e integração explícita,P3_CONFIRMED
8090,platform/security/iam/.tool-versions,security,SEGURANÇA TRANSVERSAL,platform,outro,A Mapear,A Mapear,Ausente,Ausente,Ausente,BAIXO,BAIXO,BAIXO,BAIXO,MEDIO,NAO,P3,Capacidade identificada como security,ALTA,Regras de negócio e integração explícita,P3_CONFIRMED
8092,platform/security/iam/CODEOWNERS,security,SEGURANÇA TRANSVERSAL,platform,outro,A Mapear,A Mapear,Ausente,Ausente,Ausente,BAIXO,BAIXO,BAIXO,BAIXO,MEDIO,NAO,P3,Capacidade identificada como security,ALTA,Regras de negócio e integração explícita,P3_CONFIRMED
8127,platform/security/incident-response/.tool-versions,security,SEGURANÇA TRANSVERSAL,platform,outro,A Mapear,A Mapear,Ausente,Ausente,Ausente,BAIXO,BAIXO,BAIXO,BAIXO,MEDIO,NAO,P3,Capacidade identificada como security,ALTA,Regras de negócio e integração explícita,P3_CONFIRMED
8164,platform/security/kms-hsm/.tool-versions,security,SEGURANÇA TRANSVERSAL,platform,outro,A Mapear,A Mapear,Ausente,Ausente,Ausente,BAIXO,BAIXO,BAIXO,BAIXO,MEDIO,NAO,P3,Capacidade identificada como security,ALTA,Regras de negócio e integração explícita,P3_CONFIRMED
8166,platform/security/kms-hsm/CODEOWNERS,security,SEGURANÇA TRANSVERSAL,platform,outro,A Mapear,A Mapear,Ausente,Ausente,Ausente,BAIXO,BAIXO,BAIXO,BAIXO,MEDIO,NAO,P3,Capacidade identificada como security,ALTA,Regras de negócio e integração explícita,P3_CONFIRMED
8201,platform/security/mobile/.tool-versions,security,SEGURANÇA TRANSVERSAL,platform,outro,A Mapear,A Mapear,Ausente,Ausente,Ausente,BAIXO,BAIXO,BAIXO,BAIXO,MEDIO,NAO,P3,Capacidade identificada como security,ALTA,Regras de negócio e integração explícita,P3_CONFIRMED
8203,platform/security/mobile/CODEOWNERS,security,SEGURANÇA TRANSVERSAL,platform,outro,A Mapear,A Mapear,Ausente,Ausente,Ausente,BAIXO,BAIXO,BAIXO,BAIXO,MEDIO,NAO,P3,Capacidade identificada como security,ALTA,Regras de negócio e integração explícita,P3_CONFIRMED
8238,platform/security/pam/.tool-versions,security,SEGURANÇA TRANSVERSAL,platform,outro,A Mapear,A Mapear,Ausente,Ausente,Ausente,BAIXO,BAIXO,BAIXO,BAIXO,MEDIO,NAO,P3,Capacidade identificada como security,ALTA,Regras de negócio e integração explícita,P3_CONFIRMED
8240,platform/security/pam/CODEOWNERS,security,SEGURANÇA TRANSVERSAL,platform,outro,A Mapear,A Mapear,Ausente,Ausente,Ausente,BAIXO,BAIXO,BAIXO,BAIXO,MEDIO,NAO,P3,Capacidade identificada como security,ALTA,Regras de negócio e integração explícita,P3_CONFIRMED
8275,platform/security/pki/.tool-versions,security,SEGURANÇA TRANSVERSAL,platform,outro,A Mapear,A Mapear,Ausente,Ausente,Ausente,BAIXO,BAIXO,BAIXO,BAIXO,MEDIO,NAO,P3,Capacidade identificada como security,ALTA,Regras de negócio e integração explícita,P3_CONFIRMED
8277,platform/security/pki/CODEOWNERS,security,SEGURANÇA TRANSVERSAL,platform,outro,A Mapear,A Mapear,Ausente,Ausente,Ausente,BAIXO,BAIXO,BAIXO,BAIXO,MEDIO,NAO,P3,Capacidade identificada como security,ALTA,Regras de negócio e integração explícita,P3_CONFIRMED
8312,platform/security/red-team/.tool-versions,security,SEGURANÇA TRANSVERSAL,platform,outro,A Mapear,A Mapear,Ausente,Ausente,Ausente,BAIXO,BAIXO,BAIXO,BAIXO,MEDIO,NAO,P3,Capacidade identificada como security,ALTA,Regras de negócio e integração explícita,P3_CONFIRMED
8314,platform/security/red-team/CODEOWNERS,security,SEGURANÇA TRANSVERSAL,platform,outro,A Mapear,A Mapear,Ausente,Ausente,Ausente,BAIXO,BAIXO,BAIXO,BAIXO,MEDIO,NAO,P3,Capacidade identificada como security,ALTA,Regras de negócio e integração explícita,P3_CONFIRMED
8349,platform/security/threat-intelligence/.tool-versions,security,SEGURANÇA TRANSVERSAL,platform,outro,A Mapear,A Mapear,Ausente,Ausente,Ausente,BAIXO,BAIXO,BAIXO,BAIXO,MEDIO,NAO,P3,Capacidade identificada como security,ALTA,Regras de negócio e integração explícita,P3_CONFIRMED
8386,platform/security/vulnerability-management/.tool-versions,security,SEGURANÇA TRANSVERSAL,platform,outro,A Mapear,A Mapear,Ausente,Ausente,Ausente,BAIXO,BAIXO,BAIXO,BAIXO,MEDIO,NAO,P3,Capacidade identificada como security,ALTA,Regras de negócio e integração explícita,P3_CONFIRMED
8423,platform/siem/.tool-versions,platform,PLATAFORMA E INFRAESTRUTURA,platform,outro,A Mapear,A Mapear,Ausente,Ausente,Ausente,BAIXO,BAIXO,BAIXO,BAIXO,MEDIO,NAO,P2,Capacidade identificada como platform,ALTA,Regras de negócio e integração explícita,P2_CONFIRMED
8425,platform/siem/CODEOWNERS,platform,PLATAFORMA E INFRAESTRUTURA,platform,outro,A Mapear,A Mapear,Ausente,Ausente,Ausente,BAIXO,BAIXO,BAIXO,BAIXO,MEDIO,NAO,P2,Capacidade identificada como platform,ALTA,Regras de negócio e integração explícita,P2_CONFIRMED
8460,platform/terraform/.tool-versions,terraform,PLATAFORMA E INFRAESTRUTURA,platform,outro,A Mapear,A Mapear,Ausente,Ausente,Ausente,BAIXO,BAIXO,BAIXO,BAIXO,MEDIO,NAO,P2,Capacidade identificada como terraform,ALTA,Regras de negócio e integração explícita,P2_CONFIRMED
8462,platform/terraform/CODEOWNERS,terraform,PLATAFORMA E INFRAESTRUTURA,platform,outro,A Mapear,A Mapear,Ausente,Ausente,Ausente,BAIXO,BAIXO,BAIXO,BAIXO,MEDIO,NAO,P2,Capacidade identificada como terraform,ALTA,Regras de negócio e integração explícita,P2_CONFIRMED
8520,platform/tools/comment-gate/.tool-versions,platform,FERRAMENTAS DE ENGENHARIA,platform,outro,A Mapear,A Mapear,Ausente,Ausente,Ausente,BAIXO,BAIXO,BAIXO,BAIXO,MEDIO,NAO,P2,Capacidade identificada como platform,ALTA,Regras de negócio e integração explícita,P2_CONFIRMED
8558,platform/tools/contract-linter/.tool-versions,contract,FERRAMENTAS DE ENGENHARIA,platform,outro,A Mapear,A Mapear,Ausente,Ausente,Ausente,BAIXO,BAIXO,BAIXO,BAIXO,MEDIO,NAO,P2,Capacidade identificada como contract,ALTA,Regras de negócio e integração explícita,P2_CONFIRMED
8596,platform/tools/developer-cli/.tool-versions,platform,FERRAMENTAS DE ENGENHARIA,platform,outro,A Mapear,A Mapear,Ausente,Ausente,Ausente,BAIXO,BAIXO,BAIXO,BAIXO,MEDIO,NAO,P2,Capacidade identificada como platform,ALTA,Regras de negócio e integração explícita,P2_CONFIRMED
8638,platform/tools/local-environment/.tool-versions,platform,FERRAMENTAS DE ENGENHARIA,platform,outro,A Mapear,A Mapear,Ausente,Ausente,Ausente,BAIXO,BAIXO,BAIXO,BAIXO,MEDIO,NAO,P2,Capacidade identificada como platform,ALTA,Regras de negócio e integração explícita,P2_CONFIRMED
8675,platform/tools/migration-validator/.tool-versions,migration,FERRAMENTAS DE ENGENHARIA,platform,outro,A Mapear,A Mapear,Ausente,Ausente,Ausente,BAIXO,BAIXO,BAIXO,BAIXO,MEDIO,NAO,P3,Capacidade identificada como migration,ALTA,Regras de negócio e integração explícita,P3_CONFIRMED
8715,platform/tools/release-manifest/.tool-versions,platform,FERRAMENTAS DE ENGENHARIA,platform,outro,A Mapear,A Mapear,Ausente,Ausente,Ausente,BAIXO,BAIXO,BAIXO,BAIXO,MEDIO,NAO,P2,Capacidade identificada como platform,ALTA,Regras de negócio e integração explícita,P2_CONFIRMED
8752,platform/tools/sbom/.tool-versions,platform,FERRAMENTAS DE ENGENHARIA,platform,outro,A Mapear,A Mapear,Ausente,Ausente,Ausente,BAIXO,BAIXO,BAIXO,BAIXO,MEDIO,NAO,P2,Capacidade identificada como platform,ALTA,Regras de negócio e integração explícita,P2_CONFIRMED
8789,platform/tools/schema-validator/.tool-versions,platform,FERRAMENTAS DE ENGENHARIA,platform,outro,A Mapear,A Mapear,Ausente,Ausente,Ausente,BAIXO,BAIXO,BAIXO,BAIXO,MEDIO,NAO,P2,Capacidade identificada como platform,ALTA,Regras de negócio e integração explícita,P2_CONFIRMED
8826,platform/tools/secret-scanner/.tool-versions,scan,FERRAMENTAS DE ENGENHARIA,platform,outro,A Mapear,A Mapear,Ausente,Ausente,Ausente,BAIXO,BAIXO,BAIXO,BAIXO,MEDIO,NAO,P2,Capacidade identificada como scan,ALTA,Regras de negócio e integração explícita,P2_CONFIRMED
8864,platform/tools/test-data/.tool-versions,platform,FERRAMENTAS DE ENGENHARIA,platform,outro,A Mapear,A Mapear,Ausente,Ausente,Ausente,BAIXO,BAIXO,BAIXO,BAIXO,MEDIO,NAO,P3,Capacidade identificada como platform,ALTA,Regras de negócio e integração explícita,P3_CONFIRMED
8901,quality/chaos/.tool-versions,quality,QUALIDADE E HOMOLOGAÇÃO,quality,outro,A Mapear,A Mapear,Ausente,Ausente,Ausente,BAIXO,BAIXO,BAIXO,BAIXO,MEDIO,NAO,P2,Capacidade identificada como quality,ALTA,Regras de negócio e integração explícita,P2_CONFIRMED
8903,quality/chaos/CODEOWNERS,quality,QUALIDADE E HOMOLOGAÇÃO,quality,outro,A Mapear,A Mapear,Ausente,Ausente,Ausente,BAIXO,BAIXO,BAIXO,BAIXO,MEDIO,NAO,P2,Capacidade identificada como quality,ALTA,Regras de negócio e integração explícita,P2_CONFIRMED
8938,quality/contract/.tool-versions,contract,QUALIDADE E HOMOLOGAÇÃO,quality,outro,A Mapear,A Mapear,Ausente,Ausente,Ausente,BAIXO,BAIXO,BAIXO,BAIXO,MEDIO,NAO,P2,Capacidade identificada como contract,ALTA,Regras de negócio e integração explícita,P2_CONFIRMED
8940,quality/contract/CODEOWNERS,contract,QUALIDADE E HOMOLOGAÇÃO,quality,outro,A Mapear,A Mapear,Ausente,Ausente,Ausente,BAIXO,BAIXO,BAIXO,BAIXO,MEDIO,NAO,P2,Capacidade identificada como contract,ALTA,Regras de negócio e integração explícita,P2_CONFIRMED
8975,quality/e2e/.tool-versions,quality,QUALIDADE E HOMOLOGAÇÃO,quality,outro,A Mapear,A Mapear,Ausente,Ausente,Ausente,BAIXO,BAIXO,BAIXO,BAIXO,MEDIO,NAO,P2,Capacidade identificada como quality,ALTA,Regras de negócio e integração explícita,P2_CONFIRMED
8977,quality/e2e/CODEOWNERS,quality,QUALIDADE E HOMOLOGAÇÃO,quality,outro,A Mapear,A Mapear,Ausente,Ausente,Ausente,BAIXO,BAIXO,BAIXO,BAIXO,MEDIO,NAO,P2,Capacidade identificada como quality,ALTA,Regras de negócio e integração explícita,P2_CONFIRMED
9012,quality/financial-invariants/.tool-versions,ci,QUALIDADE E HOMOLOGAÇÃO,quality,outro,A Mapear,A Mapear,Ausente,Ausente,Ausente,BAIXO,BAIXO,BAIXO,BAIXO,MEDIO,NAO,P2,Capacidade identificada como ci,ALTA,Regras de negócio e integração explícita,P2_CONFIRMED
9014,quality/financial-invariants/CODEOWNERS,ci,QUALIDADE E HOMOLOGAÇÃO,quality,outro,A Mapear,A Mapear,Ausente,Ausente,Ausente,BAIXO,BAIXO,BAIXO,BAIXO,MEDIO,NAO,P2,Capacidade identificada como ci,ALTA,Regras de negócio e integração explícita,P2_CONFIRMED
9066,quality/integration/.tool-versions,quality,QUALIDADE E HOMOLOGAÇÃO,quality,outro,A Mapear,A Mapear,Ausente,Ausente,Ausente,BAIXO,BAIXO,BAIXO,BAIXO,MEDIO,NAO,P2,Capacidade identificada como quality,ALTA,Regras de negócio e integração explícita,P2_CONFIRMED
9068,quality/integration/CODEOWNERS,quality,QUALIDADE E HOMOLOGAÇÃO,quality,outro,A Mapear,A Mapear,Ausente,Ausente,Ausente,BAIXO,BAIXO,BAIXO,BAIXO,MEDIO,NAO,P2,Capacidade identificada como quality,ALTA,Regras de negócio e integração explícita,P2_CONFIRMED
9114,quality/performance/.tool-versions,performance,QUALIDADE E HOMOLOGAÇÃO,quality,outro,A Mapear,A Mapear,Ausente,Ausente,Ausente,BAIXO,BAIXO,BAIXO,BAIXO,MEDIO,NAO,P2,Capacidade identificada como performance,ALTA,Regras de negócio e integração explícita,P2_CONFIRMED
9116,quality/performance/CODEOWNERS,performance,QUALIDADE E HOMOLOGAÇÃO,quality,outro,A Mapear,A Mapear,Ausente,Ausente,Ausente,BAIXO,BAIXO,BAIXO,BAIXO,MEDIO,NAO,P2,Capacidade identificada como performance,ALTA,Regras de negócio e integração explícita,P2_CONFIRMED
9152,quality/regulatory/.tool-versions,quality,QUALIDADE E HOMOLOGAÇÃO,quality,outro,A Mapear,A Mapear,Ausente,Ausente,Ausente,BAIXO,BAIXO,BAIXO,BAIXO,MEDIO,NAO,P2,Capacidade identificada como quality,ALTA,Regras de negócio e integração explícita,P2_CONFIRMED
9154,quality/regulatory/CODEOWNERS,quality,QUALIDADE E HOMOLOGAÇÃO,quality,outro,A Mapear,A Mapear,Ausente,Ausente,Ausente,BAIXO,BAIXO,BAIXO,BAIXO,MEDIO,NAO,P2,Capacidade identificada como quality,ALTA,Regras de negócio e integração explícita,P2_CONFIRMED
9189,quality/resilience/.tool-versions,quality,QUALIDADE E HOMOLOGAÇÃO,quality,outro,A Mapear,A Mapear,Ausente,Ausente,Ausente,BAIXO,BAIXO,BAIXO,BAIXO,MEDIO,NAO,P2,Capacidade identificada como quality,ALTA,Regras de negócio e integração explícita,P2_CONFIRMED
9191,quality/resilience/CODEOWNERS,quality,QUALIDADE E HOMOLOGAÇÃO,quality,outro,A Mapear,A Mapear,Ausente,Ausente,Ausente,BAIXO,BAIXO,BAIXO,BAIXO,MEDIO,NAO,P2,Capacidade identificada como quality,ALTA,Regras de negócio e integração explícita,P2_CONFIRMED
9226,quality/security/.tool-versions,security,QUALIDADE E HOMOLOGAÇÃO,quality,outro,A Mapear,A Mapear,Ausente,Ausente,Ausente,BAIXO,BAIXO,BAIXO,BAIXO,MEDIO,NAO,P3,Capacidade identificada como security,ALTA,Regras de negócio e integração explícita,P3_CONFIRMED
9228,quality/security/CODEOWNERS,security,QUALIDADE E HOMOLOGAÇÃO,quality,outro,A Mapear,A Mapear,Ausente,Ausente,Ausente,BAIXO,BAIXO,BAIXO,BAIXO,MEDIO,NAO,P3,Capacidade identificada como security,ALTA,Regras de negócio e integração explícita,P3_CONFIRMED
9264,quality/test-data/.tool-versions,quality,QUALIDADE E HOMOLOGAÇÃO,quality,outro,A Mapear,A Mapear,Ausente,Ausente,Ausente,BAIXO,BAIXO,BAIXO,BAIXO,MEDIO,NAO,P3,Capacidade identificada como quality,ALTA,Regras de negócio e integração explícita,P3_CONFIRMED
9266,quality/test-data/CODEOWNERS,quality,QUALIDADE E HOMOLOGAÇÃO,quality,outro,A Mapear,A Mapear,Ausente,Ausente,Ausente,BAIXO,BAIXO,BAIXO,BAIXO,MEDIO,NAO,P3,Capacidade identificada como quality,ALTA,Regras de negócio e integração explícita,P3_CONFIRMED
9301,quality/unit/.tool-versions,quality,QUALIDADE E HOMOLOGAÇÃO,quality,outro,A Mapear,A Mapear,Ausente,Ausente,Ausente,BAIXO,BAIXO,BAIXO,BAIXO,MEDIO,NAO,P2,Capacidade identificada como quality,ALTA,Regras de negócio e integração explícita,P2_CONFIRMED
9303,quality/unit/CODEOWNERS,quality,QUALIDADE E HOMOLOGAÇÃO,quality,outro,A Mapear,A Mapear,Ausente,Ausente,Ausente,BAIXO,BAIXO,BAIXO,BAIXO,MEDIO,NAO,P2,Capacidade identificada como quality,ALTA,Regras de negócio e integração explícita,P2_CONFIRMED
9327,governance/release/repository-root/renovate.json,Indefinida,FUNDAÇÃO DO WORKSPACE,governance,outro,A Mapear,A Mapear,Ausente,Ausente,Ausente,BAIXO,BAIXO,BAIXO,BAIXO,MEDIO,NAO,P2,Capacidade identificada como Indefinida,ALTA,Regras de negócio e integração explícita,P2_CONFIRMED
9328,governance/release/repository-root/sonar-project.properties,Indefinida,FUNDAÇÃO DO WORKSPACE,governance,outro,A Mapear,A Mapear,Ausente,Ausente,Ausente,BAIXO,BAIXO,BAIXO,BAIXO,MEDIO,NAO,P3,Capacidade identificada como Indefinida,ALTA,Regras de negócio e integração explícita,P3_CONFIRMED
